Tile_Name,R_mean,R_std,R_min,R_max,G_mean,G_std,G_min,G_max,B_mean,B_std,B_min,B_max,Gray_mean,Gray_std,Gray_min,Gray_max,Edge_mean,Edge_std,Texture_contrast,Texture_energy,Texture_homogeneity,Texture_correlation,Area,Perimeter,Compactness,Hist_R,Hist_G,Hist_B,Saturation_mean,Brightness_mean,target
image_1335,216.6195,29.9012,14.0,255.0,233.5799,30.68,16.0,255.0,239.8944,28.6675,29.0,255.0,229.2286,29.9345,16.884,254.701,8.6217,16.3841,896.0729,0.8219,0.0987,0.9743,3966.0,62.9762,1.0,30.0,25.0,15.0,25.0,239.0,1
image_1329,108.4159,40.1772,4.0,255.0,114.0746,41.8752,2.0,255.0,128.5444,40.8418,22.0,255.0,114.0322,40.7959,6.274,255.0,12.9721,17.4843,1664.3049,0.2256,0.0845,0.9747,4677.0,68.3886,1.0,25.0,25.0,24.0,40.0,128.0,1
image_1328,127.5277,36.8164,2.0,255.0,131.1817,39.7215,8.0,255.0,142.7904,38.2536,30.0,255.0,131.4125,38.549,8.714,254.103,11.9127,13.7382,1486.0274,0.2884,0.0912,0.9896,6793.0,82.4197,1.0,36.0,36.0,33.0,27.0,142.0,1
image_1327,168.7281,31.0381,20.0,252.0,171.1648,33.4774,25.0,255.0,175.7151,32.0917,44.0,255.0,170.955,32.5141,25.671,253.206,12.5328,13.1615,1057.1661,0.4657,0.0616,0.9934,4230.0,65.0385,1.0,52.0,59.0,57.0,10.0,175.0,1
image_1326,106.1366,38.5388,12.0,200.0,107.574,36.5754,12.0,204.0,99.8569,44.3601,0.0,207.0,106.2645,37.5939,17.773,203.146,15.537,17.8238,1413.3007,0.1954,0.0663,0.9867,1230.0,35.0714,1.0,62.0,56.75,73.0,19.0,107.0,1
image_1325,112.0451,27.1152,15.0,200.0,106.3186,23.5644,3.0,188.0,106.6281,28.379,0.0,194.0,108.0661,24.0767,6.246,188.983,9.6416,10.3808,579.6859,0.1885,0.1132,0.9279,11560.0,107.5174,1.0,38.0,29.0,28.0,14.0,112.0,1
image_1323,123.066,36.191,30.0,255.0,122.765,37.1666,31.0,255.0,130.2523,36.4402,34.0,255.0,123.7086,36.5308,31.271,254.701,12.7682,12.9005,1334.4989,0.2559,0.0693,0.9736,7878.0,88.7581,1.0,57.0,62.0,61.0,16.0,130.0,1
image_1322,147.1683,28.1263,39.0,255.0,148.4395,29.2356,40.0,255.0,156.1809,27.3196,45.0,255.0,148.9419,28.3655,40.271,254.701,13.0042,13.7394,804.6027,0.3535,0.0981,0.9484,3975.0,63.0476,1.0,35.0,39.0,37.0,15.0,156.0,1
image_1320,159.1199,38.291,38.0,254.0,172.7415,37.9123,41.0,255.0,186.6448,38.3489,50.0,255.0,170.2536,36.5905,41.129,254.701,16.5847,13.437,1338.8682,0.4664,0.0828,0.8618,6197.0,78.721,1.0,54.0,50.0,46.0,37.0,186.0,1
image_1318,198.5942,34.8425,53.0,255.0,199.1395,34.8484,49.0,255.0,203.3934,33.2288,65.0,255.0,199.4614,34.4466,52.134,255.0,21.4928,16.5867,1186.5659,0.6301,0.0803,0.9812,9992.0,99.96,1.0,50.0,50.0,49.0,6.0,203.0,1
image_1317,167.1006,15.3725,121.0,251.0,172.7486,14.5697,132.0,254.0,179.2402,14.9466,138.0,255.0,171.7999,14.8055,129.395,253.217,11.7716,12.342,219.2033,0.4573,0.1738,0.9883,179.0,13.3791,1.0,14.0,14.0,15.5,17.0,179.0,1
image_1316,158.5404,50.8548,20.0,252.0,161.5796,48.5393,30.0,255.0,171.453,44.1443,49.0,255.0,161.7965,48.677,29.86,254.103,16.5352,15.7284,2369.4491,0.439,0.0542,0.9975,5740.0,75.7628,1.0,78.0,75.25,69.0,19.0,171.0,1
image_1314,131.1652,35.1633,38.0,255.0,127.3125,35.9694,21.0,255.0,134.3474,34.5835,28.0,255.0,129.2665,34.968,31.665,255.0,10.6275,11.3227,1222.7593,0.2758,0.0936,0.9526,21837.0,147.7735,1.0,46.0,42.0,43.0,13.0,134.0,1
image_1313,93.2285,25.4531,22.0,255.0,86.8961,25.921,17.0,252.0,97.812,24.6008,33.0,255.0,90.0339,25.4678,20.917,252.94,10.0087,12.1016,648.607,0.1346,0.1154,0.9772,2994.0,54.7175,1.0,26.0,27.0,26.0,29.0,97.0,1
image_1312,208.843,24.0506,82.0,255.0,208.2775,24.3197,81.0,255.0,212.0801,23.5802,95.0,255.0,208.88,24.1009,82.895,255.0,22.142,15.3365,580.8546,0.6799,0.1078,0.9934,2923.0,54.0648,1.0,33.0,34.0,34.0,5.0,212.0,1
image_1311,133.1111,7.3778,121.0,145.0,124.2778,7.3546,113.0,134.0,129.9444,8.4424,115.0,142.0,127.5649,7.3479,116.891,138.201,12.0114,5.6437,53.9913,0.2511,0.1787,0.9619,18.0,4.2426,1.0,14.0,14.25,15.75,17.0,133.0,1
image_87,177.1372,33.7646,56.0,251.0,183.8147,32.5118,66.0,254.0,188.7013,31.4162,75.0,255.0,182.3752,32.7299,64.036,252.918,10.8786,14.3958,1071.2466,0.528,0.0807,0.9971,1560.0,39.4968,1.0,47.25,46.0,44.25,15.0,188.0,1
image_85,234.1422,12.6101,174.0,255.0,233.1755,12.7299,171.0,253.0,228.6868,12.0668,162.0,247.0,232.9528,12.5753,170.871,252.8,5.607,7.6135,158.1391,0.837,0.2061,0.9925,661.0,25.7099,1.0,12.0,13.0,13.0,7.0,234.0,1
image_84,217.0356,18.0326,152.0,250.0,216.6318,18.2031,151.0,249.0,219.5083,18.7574,147.0,254.0,217.0805,18.1743,150.843,249.869,21.2925,13.6949,330.3055,0.7298,0.1035,0.9939,421.0,20.5183,1.0,29.0,29.0,29.0,3.0,219.0,1
image_83,214.5397,22.7208,126.0,255.0,215.2736,24.1277,124.0,255.0,218.1564,25.2778,125.0,255.0,215.3828,23.7761,124.712,254.701,19.8947,14.2259,565.3044,0.7221,0.1054,0.9926,793.0,28.1603,1.0,30.0,33.0,34.0,5.0,218.0,1
image_82,225.0871,6.1197,205.0,241.0,230.1303,6.1219,210.0,246.0,235.7454,6.2676,216.0,253.0,229.2625,6.0983,209.189,245.189,6.3344,4.4817,37.1897,0.8089,0.2542,0.976,2341.0,48.3839,1.0,9.0,9.0,9.0,11.0,235.0,1
image_79,172.642,24.9297,9.0,245.0,182.2881,26.1704,14.0,246.0,189.429,27.9601,7.0,251.0,180.218,25.844,11.707,246.271,11.0264,13.4664,667.9122,0.5097,0.1131,0.9759,958.0,30.9516,1.0,19.75,20.0,20.0,23.0,189.0,1
image_78,168.7501,46.3626,45.0,255.0,169.5321,44.6449,23.0,250.0,172.2554,41.2227,26.0,245.0,169.6087,44.2938,29.92,250.583,21.301,21.9251,1961.9395,0.4726,0.102,0.9659,2941.0,54.231,1.0,58.0,37.0,28.0,6.0,172.0,1
image_77,195.3977,49.2993,13.0,255.0,196.5234,43.6318,31.0,255.0,191.9689,46.6466,4.0,251.0,195.6676,45.5303,23.127,254.544,15.8989,15.3026,2073.0119,0.6207,0.0642,0.993,12623.0,112.3521,1.0,60.0,55.0,51.0,7.0,196.0,1
image_75,183.6559,13.5553,145.0,226.0,182.9328,12.991,148.0,224.0,182.0511,11.9044,148.0,225.0,183.0485,12.937,147.901,224.712,7.4043,7.0576,167.3666,0.5179,0.1495,0.9887,372.0,19.2873,1.0,19.0,18.25,16.0,1.0,183.0,1
image_69,137.3049,25.7765,6.0,217.0,133.2497,22.2722,27.0,210.0,128.7454,25.7158,0.0,206.0,133.9487,23.5944,17.643,211.05,10.3313,10.4135,556.6963,0.2845,0.1232,0.9814,3916.0,62.578,1.0,27.0,27.0,27.0,17.0,137.0,1
image_67,231.8423,14.355,187.0,254.0,237.2953,11.8208,199.0,255.0,241.5369,10.3752,208.0,255.0,236.1484,12.2709,199.129,254.701,8.9628,7.4859,150.574,0.8599,0.1825,0.9628,298.0,17.2627,1.0,17.75,15.0,15.0,11.0,241.0,1
image_62,225.3159,23.4405,136.0,255.0,222.3944,24.7757,134.0,255.0,218.8871,25.1128,134.0,253.0,222.8681,24.3529,134.94,254.772,23.0435,16.3915,593.0647,0.773,0.0991,0.9911,611.0,24.7184,1.0,35.0,37.0,36.0,8.0,225.0,1
image_61,224.7691,28.3579,54.0,255.0,225.9612,25.991,69.0,255.0,222.1956,32.534,26.0,255.0,225.1754,27.3799,59.613,255.0,10.0147,10.5762,749.6583,0.7913,0.1362,0.9946,3707.0,60.8851,1.0,21.0,21.0,22.0,3.0,225.0,1
image_60,207.8502,29.5073,73.0,250.0,211.3704,28.4282,76.0,249.0,211.587,29.1257,78.0,251.0,210.3426,28.7214,75.901,249.228,15.1664,21.283,824.9193,0.6931,0.0926,0.9931,988.0,31.4325,1.0,35.0,32.0,29.0,5.0,211.0,1
image_56,177.945,41.5625,46.0,255.0,165.6166,40.3612,38.0,255.0,155.4781,39.1421,36.0,251.0,168.147,40.4941,40.164,254.544,27.5442,22.5764,1639.7746,0.46,0.0699,0.9949,2144.0,46.3033,1.0,59.0,56.0,55.0,32.0,177.0,1
image_55,208.2645,19.106,71.0,235.0,209.8778,21.8124,60.0,238.0,211.998,22.7673,58.0,242.0,209.6371,21.0295,63.061,236.847,13.6411,15.7179,442.2411,0.6827,0.1502,0.9832,499.0,22.3383,1.0,15.0,18.0,19.0,4.0,211.0,1
image_133,155.6131,50.7747,78.0,255.0,153.631,49.2963,79.0,255.0,156.0952,44.8374,83.0,248.0,154.5045,49.1716,79.157,254.202,27.5135,23.3376,2417.8467,0.4043,0.0556,0.9975,168.0,12.9615,1.0,88.75,86.0,74.25,5.0,156.0,1
image_131,138.0422,37.633,22.0,255.0,138.0254,37.1895,15.0,255.0,139.6555,36.857,22.0,255.0,138.2163,37.081,17.891,255.0,20.9995,18.5107,1375.0011,0.3149,0.0969,0.9835,2084.0,45.6508,1.0,43.0,40.0,43.0,2.0,139.0,1
image_129,197.115,41.0437,96.0,255.0,133.0925,39.6271,40.0,201.0,129.395,33.5133,51.0,192.0,151.8137,39.2468,57.998,216.006,20.9301,22.1824,1540.3145,0.3781,0.0301,0.9919,400.0,20.0,1.0,77.25,74.0,61.25,88.0,197.0,1
image_128,129.5827,36.345,40.0,201.0,163.7375,30.8463,69.0,223.0,197.5933,21.7722,127.0,244.0,157.3848,31.3035,66.941,218.816,11.1241,10.6802,979.9096,0.396,0.0836,0.985,659.0,25.671,1.0,63.0,47.0,32.0,88.0,197.0,1
image_124,247.4727,6.0574,199.0,255.0,246.8221,6.2608,198.0,255.0,242.6736,6.6808,194.0,255.0,246.5437,6.2204,197.843,255.0,2.6863,2.8604,38.6928,0.9354,0.2336,0.9875,4356.0,66.0,1.0,9.0,10.0,10.0,5.0,247.0,1
image_123,172.5276,70.4352,49.0,255.0,200.5345,39.6405,117.0,255.0,228.7953,17.564,132.0,255.0,195.3821,44.7341,104.762,255.0,13.1644,14.2067,2001.1363,0.6178,0.0349,0.9781,4367.0,66.0833,1.0,144.5,76.0,21.0,63.0,228.0,1
image_122,135.5772,61.1172,38.0,255.0,177.9698,32.7477,85.0,255.0,220.176,22.6877,111.0,255.0,170.1059,36.9674,73.911,254.544,22.9847,15.0708,1366.5895,0.466,0.0711,0.9257,5393.0,73.437,1.0,109.0,44.0,31.0,99.0,220.0,1
image_113,148.852,19.4257,108.0,191.0,216.892,12.1366,190.0,243.0,247.092,7.1243,222.0,255.0,199.9908,13.2757,170.84,228.82,9.2656,8.4337,176.2445,0.6178,0.1332,0.9365,250.0,15.8114,1.0,37.0,21.0,12.0,102.0,247.0,1
image_108,229.1588,13.9722,166.0,255.0,230.4746,13.8693,166.0,255.0,228.7605,13.8945,166.0,255.0,229.8857,13.8726,166.0,255.0,12.2527,8.2849,192.4477,0.8157,0.1227,0.9948,1140.0,33.7639,1.0,24.0,24.0,25.0,2.0,230.0,1
image_104,131.9253,51.8142,34.0,241.0,213.2218,19.3139,90.0,248.0,240.8049,13.3872,123.0,255.0,192.0586,25.5018,77.018,246.705,16.0843,12.125,650.3431,0.5773,0.1121,0.713,2209.0,47.0,1.0,31.0,28.0,21.0,116.0,240.0,1
image_97,132.7193,31.956,30.0,224.0,197.2281,31.0269,65.0,232.0,232.4737,33.0009,93.0,255.0,181.9579,30.1415,57.727,232.002,12.9403,19.3263,908.5122,0.5231,0.1726,0.8169,57.0,7.5498,1.0,11.0,11.0,12.0,110.0,232.0,1
image_96,165.3483,35.688,29.0,255.0,192.6465,20.4078,67.0,255.0,206.1484,30.4772,90.0,255.0,186.0236,19.6607,58.26,253.712,8.0166,10.4764,386.5444,0.5381,0.1373,0.284,7158.0,84.605,1.0,67.0,26.0,51.0,51.0,206.0,1
image_95,150.6553,39.9638,55.0,253.0,123.8175,22.7347,49.0,174.0,121.2767,21.194,49.0,169.0,131.5524,23.773,50.794,197.051,8.8317,9.1239,565.1565,0.2748,0.113,0.4769,1178.0,34.322,1.0,49.0,36.0,32.0,49.0,150.0,1
image_93,149.7853,25.7519,86.0,210.0,164.442,21.764,90.0,218.0,176.3598,18.8686,93.0,221.0,161.4183,22.478,89.146,215.95,4.2388,8.5685,505.2621,0.4085,0.1017,0.9835,2129.0,46.1411,1.0,36.0,30.0,26.0,39.0,176.0,1
image_92,32.7073,8.8081,1.0,58.0,158.4958,7.2769,140.0,181.0,155.2605,6.9172,133.0,178.0,120.5162,7.4366,97.641,143.881,7.6849,5.4375,55.3034,0.2242,0.2239,0.8639,714.0,26.7208,1.0,12.0,11.0,10.0,203.0,158.0,1
image_90,175.8822,44.412,101.0,255.0,148.2234,52.3427,76.0,243.0,145.1494,55.8707,68.0,249.0,156.1429,49.7411,85.176,240.395,15.8378,17.5031,2474.1724,0.413,0.0294,0.9421,1867.0,43.2088,1.0,80.0,106.0,112.0,44.0,175.0,1
image_166,173.2627,26.3551,76.0,243.0,184.8731,26.8279,78.0,253.0,192.2753,27.4706,75.0,255.0,182.2454,26.5404,77.06,249.939,21.9269,18.1756,704.3916,0.5216,0.1037,0.9715,6067.0,77.8909,1.0,35.0,36.0,35.0,25.0,192.0,1
image_165,189.6317,18.5683,136.0,244.0,215.8717,17.3146,165.0,255.0,216.2113,18.3805,157.0,255.0,208.0646,17.6778,156.118,251.711,16.6734,11.6352,312.5033,0.6706,0.1249,0.973,1917.0,43.7836,1.0,26.0,26.0,26.0,32.0,216.0,1
image_164,198.4952,26.9278,65.0,255.0,211.3012,27.2,56.0,255.0,210.1296,28.197,51.0,255.0,207.3386,26.5215,58.121,254.202,22.0508,16.7623,703.3894,0.6719,0.1112,0.8844,5671.0,75.306,1.0,38.0,32.0,33.0,16.0,211.0,1
image_159,232.07,7.1138,210.0,254.0,232.5118,7.0579,212.0,254.0,231.5247,7.2021,209.0,252.0,232.2672,7.0344,211.06,253.772,8.3956,6.1182,49.4822,0.8304,0.2361,0.9767,1014.0,31.8434,1.0,10.0,10.0,9.0,1.0,232.0,1
image_156,147.3353,61.7806,28.0,251.0,205.6696,25.7248,129.0,255.0,234.5021,13.1377,151.0,255.0,191.5145,33.8761,111.363,253.804,15.4452,12.832,1147.5897,0.5817,0.057,0.9365,4921.0,70.1498,1.0,112.0,42.0,15.0,95.0,234.0,1
image_155,122.7492,58.7704,23.0,255.0,182.8513,27.8054,45.0,255.0,211.5347,35.8392,52.0,255.0,168.1507,30.3329,46.211,254.772,17.7941,16.8631,920.0876,0.449,0.0856,0.4854,3557.0,59.6406,1.0,105.0,35.0,43.0,108.0,211.0,1
image_154,190.0163,52.2399,22.0,255.0,192.8872,45.4627,32.0,255.0,194.0057,37.9604,41.0,248.0,192.1563,46.4023,30.378,254.202,12.1813,14.2721,2153.1762,0.601,0.0466,0.9871,7599.0,87.1722,1.0,92.0,73.0,55.0,5.0,194.0,1
image_153,93.3731,22.247,21.0,153.0,138.4419,18.8484,76.0,202.0,196.6932,16.668,142.0,255.0,131.6069,19.0732,69.963,193.391,17.8605,13.169,363.7854,0.272,0.1175,0.9368,4420.0,66.4831,1.0,34.0,27.0,24.0,134.0,196.0,1
image_151,133.5779,18.4305,81.0,174.0,200.3779,14.532,156.0,235.0,233.6131,12.5471,185.0,255.0,184.1935,15.1178,139.658,219.041,16.5786,11.0661,228.5466,0.5253,0.1285,0.9438,1675.0,40.9268,1.0,30.0,22.0,18.0,109.0,233.0,1
image_150,154.1969,40.5421,51.0,215.0,165.1288,50.757,10.0,219.0,178.2797,56.9849,18.0,254.0,163.3593,43.5661,23.171,217.673,13.73,19.2107,1898.0022,0.4396,0.0715,0.5599,1087.0,32.9697,1.0,75.0,42.5,55.0,34.0,178.0,1
image_149,174.1456,31.724,6.0,244.0,169.9523,30.3557,6.0,237.0,167.5271,30.4543,6.0,231.0,170.9296,30.6056,6.0,238.409,24.0273,17.8888,936.7029,0.4637,0.0911,0.9851,4861.0,69.7209,1.0,43.0,42.0,40.0,10.0,174.0,1
image_148,219.4858,15.7381,162.0,255.0,219.2937,14.4419,169.0,255.0,220.2664,13.6811,177.0,255.0,219.462,14.6788,167.819,255.0,17.4388,11.1099,215.4664,0.744,0.134,0.9871,2785.0,52.7731,1.0,23.0,22.0,21.0,1.0,220.0,1
image_147,218.2051,32.4257,73.0,255.0,213.8474,33.7209,64.0,255.0,209.7297,33.798,59.0,250.0,214.6809,33.3275,66.121,254.43,19.3998,15.5225,1110.7254,0.7259,0.1088,0.9983,629.0,25.0799,1.0,31.0,31.0,30.0,11.0,218.0,1
image_145,169.6133,18.6282,130.0,198.0,174.0667,18.8399,134.0,204.0,176.1467,18.4959,135.0,204.0,172.9722,18.7278,132.918,202.206,18.2435,16.339,350.7298,0.4655,0.0962,0.9986,75.0,8.6603,1.0,28.5,29.0,27.5,10.0,176.0,1
image_144,171.2586,16.7111,123.0,198.0,176.1034,17.0887,128.0,203.0,178.3966,16.4064,132.0,206.0,174.9163,16.8801,126.961,201.847,18.9694,13.335,284.9382,0.4749,0.1141,0.9974,58.0,7.6158,1.0,29.75,29.75,29.75,10.0,178.0,1
image_134,217.0247,24.6545,117.0,255.0,217.4625,25.4043,111.0,255.0,221.1348,25.3636,115.0,255.0,217.7503,25.1365,113.25,255.0,24.7563,16.0362,631.8436,0.7389,0.0943,0.9937,1254.0,35.4119,1.0,37.75,38.0,37.0,5.0,221.0,1
image_192,207.8586,26.8679,70.0,255.0,127.6628,23.5126,24.0,173.0,124.5461,21.5323,29.0,174.0,151.286,23.6563,39.025,196.834,14.774,14.8163,559.6198,0.3606,0.1356,0.8994,608.0,24.6577,1.0,23.0,19.0,20.0,102.0,207.0,1
image_190,112.2467,44.9894,0.0,232.0,112.224,44.9767,3.0,226.0,113.9168,47.8921,0.0,228.0,112.4237,45.0068,4.109,228.022,19.9376,17.7464,2025.6133,0.2255,0.0593,0.9804,1670.0,40.8656,1.0,63.0,64.75,73.0,2.0,113.0,1
image_189,135.8585,18.5383,56.0,194.0,215.1188,15.9005,140.0,244.0,243.7731,12.4504,180.0,255.0,194.6866,15.3496,124.004,230.304,5.7709,7.508,235.61,0.5865,0.1358,0.7908,2508.0,50.0799,1.0,19.0,18.0,17.0,113.0,243.0,1
image_187,176.0396,37.9353,60.0,232.0,186.35,33.6842,70.0,233.0,188.4146,40.5084,54.0,237.0,183.5025,35.451,66.896,233.157,11.6041,17.1315,1256.7742,0.5372,0.0644,0.991,480.0,21.9089,1.0,62.0,52.0,45.25,16.0,188.0,1
image_186,131.059,46.8237,25.0,218.0,137.3097,46.3933,31.0,225.0,146.5064,43.9367,45.0,228.0,136.4892,46.2265,30.802,222.95,13.4128,15.6425,2136.8929,0.3194,0.0659,0.9993,1017.0,31.8904,1.0,64.0,64.0,60.0,26.0,146.0,1
image_184,18.3487,8.4684,0.0,36.0,119.5714,13.1056,89.0,148.0,188.3655,13.2239,159.0,217.0,97.1484,11.2368,70.896,121.253,10.8469,7.5306,126.2661,0.1471,0.1738,0.778,238.0,15.4272,1.0,11.0,20.0,20.0,231.0,188.0,1
image_182,233.0789,7.2453,220.0,248.0,234.1579,7.3396,221.0,248.0,233.3684,7.249,219.0,248.0,233.7453,7.2524,220.929,248.0,9.2759,6.3089,52.5971,0.8411,0.255,0.985,38.0,6.1644,1.0,10.75,10.75,10.0,1.0,234.0,1
image_178,138.2468,21.8568,82.0,184.0,132.539,21.9122,77.0,178.0,134.6494,21.3859,81.0,178.0,134.4862,21.7991,78.951,179.794,25.6579,16.4462,475.2024,0.2855,0.1019,0.9965,154.0,12.4097,1.0,32.75,33.75,32.75,11.0,138.0,1
image_177,148.3077,47.7297,33.0,215.0,148.5385,47.5878,31.0,211.0,156.044,46.9376,39.0,219.0,149.3251,47.5413,32.852,211.934,29.1416,26.4752,2260.171,0.3777,0.0726,0.9988,91.0,9.5394,1.0,76.5,77.0,76.0,13.0,156.0,1
image_176,142.7882,58.356,26.0,255.0,160.0632,40.3411,19.0,250.0,185.5095,29.3291,25.0,239.0,157.7988,42.5515,22.902,250.241,15.8266,16.1183,1810.6288,0.4108,0.0528,0.9386,5712.0,75.5778,1.0,106.0,66.0,28.0,59.0,185.0,1
image_175,104.3945,41.1045,39.0,224.0,135.0079,31.3684,52.0,223.0,178.0237,22.8718,61.0,228.0,130.7583,32.1372,53.14,223.869,14.6334,17.1222,1032.8026,0.2788,0.1011,0.9518,758.0,27.5318,1.0,38.0,37.0,27.0,106.0,178.0,1
image_174,195.1273,23.178,138.0,247.0,192.8182,23.6655,132.0,237.0,192.7636,24.4997,132.0,235.0,193.5024,23.395,133.794,239.762,18.533,16.246,547.3249,0.5842,0.0868,0.9641,110.0,10.4881,1.0,30.5,33.75,39.0,4.0,195.0,1
image_173,175.1313,45.246,23.0,248.0,185.0918,43.4315,36.0,255.0,192.5538,39.8419,45.0,255.0,182.9643,43.4556,34.296,252.907,9.8149,20.9711,1888.3891,0.5439,0.0498,0.9923,1896.0,43.5431,1.0,64.0,60.25,55.0,23.0,192.0,1
image_171,200.0205,19.5808,82.0,233.0,203.4241,17.258,85.0,235.0,206.9201,15.3003,92.0,234.0,202.8049,17.6516,84.901,234.288,7.2282,6.3043,311.5799,0.6373,0.1287,0.9877,1903.0,43.6234,1.0,21.0,19.0,16.5,7.0,206.0,1
image_170,172.0431,32.2976,51.0,253.0,180.2267,29.4991,45.0,249.0,188.5686,26.6414,55.0,255.0,178.7308,29.7255,47.934,250.082,16.0612,18.1567,883.6077,0.5049,0.0983,0.9723,4247.0,65.169,1.0,40.0,34.0,34.0,22.0,188.0,1
image_167,113.1368,45.1795,20.0,228.0,117.7872,47.8306,25.0,219.0,121.652,54.7302,18.0,222.0,116.8373,47.5401,22.821,222.033,15.9243,17.4346,2260.0627,0.2447,0.0443,0.9764,658.0,25.6515,1.0,75.0,88.0,101.75,17.0,121.0,1
image_218,129.1499,42.3024,10.0,252.0,170.6527,27.2244,57.0,243.0,199.93,38.2343,55.0,251.0,161.581,26.8827,59.164,244.665,20.0758,26.1117,722.6777,0.4126,0.1221,0.4825,3588.0,59.8999,1.0,47.25,28.0,47.0,90.0,199.0,1
image_217,73.7673,50.3063,0.0,194.0,151.0528,21.4116,77.0,206.0,194.1204,14.2679,137.0,225.0,132.8541,27.2064,60.817,204.008,10.9957,12.9557,740.1868,0.2828,0.1265,0.8331,739.0,27.1846,1.0,25.5,29.0,18.0,159.0,194.0,1
image_214,182.4603,32.0805,61.0,255.0,188.6506,28.019,98.0,255.0,192.9287,28.0812,104.0,255.0,187.2874,28.0517,98.983,255.0,14.9332,12.9267,786.8996,0.5515,0.1057,0.8625,1614.0,40.1746,1.0,38.0,34.0,35.0,13.0,192.0,1
image_213,202.1424,41.3552,71.0,255.0,210.4031,34.2738,63.0,255.0,217.1022,31.2231,66.0,255.0,208.6968,34.7892,67.827,255.0,14.3724,15.5147,1210.2917,0.6884,0.0643,0.939,6574.0,81.0802,1.0,76.0,50.0,30.0,18.0,217.0,1
image_210,160.9937,59.2935,36.0,251.0,158.6439,59.4338,37.0,247.0,161.0054,53.0438,44.0,243.0,159.6157,58.5623,39.293,247.17,11.9661,14.9675,3429.5384,0.4445,0.0357,0.9948,1115.0,33.3916,1.0,117.5,116.0,102.0,5.0,161.0,1
image_209,222.8594,25.5102,62.0,255.0,218.5166,25.8304,57.0,255.0,212.6463,25.7619,54.0,251.0,219.1459,25.7134,58.153,254.43,34.184,20.1359,661.1792,0.7487,0.0878,0.999,3186.0,56.4447,1.0,42.0,42.0,41.0,11.0,222.0,1
image_208,221.7126,24.699,139.0,255.0,215.6922,25.0695,131.0,255.0,210.0879,25.0066,128.0,251.0,216.8534,24.9326,133.05,254.43,33.8172,19.4436,621.6352,0.7327,0.0873,0.9974,1764.0,42.0,1.0,41.0,42.0,41.0,13.0,221.0,1
image_207,54.0358,16.4629,18.0,113.0,140.3403,17.9255,89.0,195.0,194.7045,15.4539,148.0,243.0,120.7328,17.0054,74.796,175.84,12.9448,12.2493,289.185,0.2286,0.1362,0.9617,335.0,18.303,1.0,20.5,23.0,21.0,184.0,194.0,1
image_204,46.8477,27.3427,0.0,167.0,96.0653,38.1958,14.0,239.0,144.3606,38.9112,43.0,255.0,86.8549,34.4308,13.12,219.296,16.9424,14.2623,1185.4783,0.1342,0.0932,0.9295,2160.0,46.4758,1.0,27.0,41.0,46.0,174.0,144.0,1
image_203,187.6184,36.8593,134.0,236.0,112.9474,35.8351,59.0,159.0,111.4211,29.6139,63.0,153.0,135.1,35.3894,81.881,181.339,25.4673,27.63,1252.4087,0.3,0.0401,0.9978,76.0,8.7178,1.0,75.25,73.5,61.25,104.0,187.0,1
image_200,227.9503,5.5758,212.0,244.0,224.7801,5.5462,212.0,240.0,218.2094,5.4423,204.0,233.0,224.9789,5.4874,211.088,240.17,2.7093,2.4612,30.1114,0.7789,0.2647,0.9637,764.0,27.6405,1.0,8.0,9.0,8.0,10.0,227.0,1
image_199,126.9294,19.3195,68.0,184.0,129.8353,19.8351,69.0,182.0,136.1412,20.3054,74.0,187.0,129.6853,19.6909,69.271,183.168,18.3368,16.1241,387.7334,0.2646,0.1508,0.992,85.0,9.2195,1.0,23.0,25.0,25.0,19.0,136.0,1
image_196,89.3487,26.6719,27.0,196.0,111.3858,27.7486,30.0,188.0,140.9707,45.6476,46.0,242.0,108.1694,25.4157,32.123,190.05,19.4564,16.4885,645.9595,0.1899,0.0924,0.5372,1672.0,40.8901,1.0,29.0,43.0,88.0,93.0,140.0,1
image_195,178.4262,29.0104,51.0,218.0,181.272,29.4118,48.0,217.0,185.814,29.6821,54.0,225.0,180.9389,29.2211,50.179,217.157,14.1139,15.4204,853.8705,0.5166,0.1025,0.99,2140.0,46.2601,1.0,22.0,21.0,21.0,10.0,185.0,1
image_194,188.4161,32.58,0.0,239.0,193.8213,27.1172,48.0,237.0,200.0832,27.1472,44.0,243.0,192.919,27.4491,53.129,236.673,12.4212,16.4007,753.4532,0.5839,0.1156,0.8527,12554.0,112.0446,1.0,25.0,19.0,16.0,15.0,200.0,1
image_193,195.8714,17.6086,130.0,227.0,202.4595,15.344,134.0,230.0,210.0275,13.5803,137.0,236.0,201.3524,15.6807,133.146,229.673,15.3394,13.5638,245.8829,0.6273,0.1611,0.9766,692.0,26.3059,1.0,18.0,17.0,17.0,18.0,210.0,1
image_244,151.5552,22.0333,78.0,233.0,209.0482,18.4097,125.0,243.0,234.5048,18.5438,140.0,255.0,194.7599,18.4372,115.049,240.238,11.184,11.3981,339.9294,0.5886,0.119,0.8083,933.0,30.545,1.0,25.0,26.0,27.0,90.0,234.0,1
image_242,179.6449,41.2088,42.0,255.0,126.8229,41.9741,21.0,243.0,121.2213,39.3784,26.0,245.0,141.9781,39.8332,27.849,246.816,26.0654,29.1246,1586.6854,0.3344,0.0697,0.8355,994.0,31.5278,1.0,61.75,59.5,51.75,83.0,179.0,1
image_241,134.8056,38.9795,72.0,255.0,209.9536,9.8238,139.0,252.0,239.7585,19.0498,136.0,255.0,190.8821,14.2022,120.791,251.529,3.3393,5.9071,201.7032,0.5634,0.2237,0.4027,1466.0,38.2884,1.0,12.0,6.0,8.0,112.0,239.0,1
image_240,117.5357,11.6358,79.0,167.0,188.3571,37.7424,75.0,217.0,220.1714,54.5197,78.0,255.0,170.8084,28.3121,76.951,192.628,7.6578,11.6512,801.5758,0.461,0.0622,-0.0542,140.0,11.8322,1.0,9.0,7.25,8.0,119.0,220.0,1
image_238,182.9767,27.9063,95.0,237.0,182.345,27.0095,98.0,234.0,183.007,25.8559,107.0,234.0,182.6093,27.1104,98.129,234.31,13.6623,11.5267,734.9729,0.5241,0.096,0.998,429.0,20.7123,1.0,42.0,41.0,41.0,1.0,183.0,1
image_232,200.1613,39.7359,72.0,255.0,206.974,33.3131,85.0,255.0,211.4305,28.0105,101.0,255.0,205.445,34.5182,83.051,255.0,16.0387,13.7796,1191.5074,0.6674,0.0531,0.9919,6534.0,80.8332,1.0,70.0,55.0,43.0,13.0,211.0,1
image_231,213.7454,27.4168,34.0,255.0,205.5245,28.0634,24.0,255.0,198.7217,28.42,25.0,255.0,207.207,27.8809,27.104,254.43,33.3164,19.9381,777.3464,0.6722,0.0915,0.9976,9933.0,99.6644,1.0,40.0,40.0,40.0,18.0,213.0,1
image_230,205.419,22.4929,151.0,247.0,196.7905,22.5364,142.0,238.0,187.3857,22.6211,132.0,229.0,198.2983,22.5251,143.665,239.665,29.3068,18.3063,507.3821,0.6125,0.087,0.9989,210.0,14.4914,1.0,35.75,35.75,35.75,22.0,205.0,1
image_229,131.7026,33.3749,82.0,187.0,77.1599,25.722,40.0,122.0,80.0855,19.721,41.0,117.0,93.8017,27.1986,52.672,139.669,10.6739,13.8301,739.7626,0.1467,0.0455,0.9888,269.0,16.4012,1.0,64.0,50.0,35.0,105.0,131.0,1
image_228,168.3879,39.2198,0.0,227.0,176.9336,37.3498,0.0,231.0,183.7933,35.385,9.0,234.0,175.1604,37.5102,1.026,230.146,10.2544,16.4331,1407.0178,0.4935,0.0704,0.9847,1490.0,38.6005,1.0,58.0,47.0,39.0,21.0,183.0,1
image_227,121.7495,33.8838,51.0,224.0,122.2874,33.497,54.0,220.0,129.987,31.3588,64.0,221.0,123.0043,33.2728,54.83,221.082,25.759,20.2833,1107.0791,0.2497,0.0794,0.9903,1002.0,31.6544,1.0,49.0,49.0,47.0,16.0,129.0,1
image_223,72.7256,38.7127,1.0,148.0,71.2134,39.6902,0.0,147.0,77.9695,40.397,4.0,155.0,72.4358,39.4564,0.755,148.211,21.0711,20.7633,1556.8107,0.1046,0.0746,0.998,164.0,12.8062,1.0,55.5,61.5,60.25,20.0,77.0,1
image_222,193.5614,21.3648,148.0,230.0,189.1579,21.2733,144.0,225.0,187.1579,21.2923,141.0,221.0,190.2465,21.2949,144.854,226.039,30.0476,19.1693,453.4711,0.5636,0.0994,0.9994,57.0,7.5498,1.0,36.0,36.0,38.0,8.0,193.0,1
image_221,220.7568,9.2573,200.0,237.0,226.973,8.3066,212.0,241.0,229.0,8.9412,209.0,245.0,225.3454,8.3136,209.928,238.167,8.5252,5.5971,69.1167,0.782,0.1822,0.8494,37.0,6.0828,1.0,16.0,12.0,13.0,10.0,229.0,1
image_220,173.0127,44.4743,38.0,228.0,186.1013,44.2503,47.0,238.0,196.1772,43.1807,56.0,249.0,183.3364,44.1729,45.335,236.036,29.4058,34.0381,1951.2418,0.5469,0.0521,0.9987,79.0,8.8882,1.0,68.5,67.0,64.5,30.0,196.0,1
image_219,113.251,33.9699,30.0,227.0,99.9473,34.0211,31.0,199.0,102.053,32.88,33.0,196.0,104.1651,32.7537,32.368,201.05,22.1568,19.1645,1072.8035,0.1834,0.0754,0.8652,3263.0,57.1227,1.0,42.0,48.0,50.0,32.0,113.0,1
image_275,145.0782,25.11,16.0,212.0,143.3878,25.5192,16.0,216.0,143.1156,26.032,14.0,216.0,143.8622,25.4214,15.772,214.69,24.9315,19.411,646.2466,0.3282,0.1073,0.9971,294.0,17.1464,1.0,33.0,33.0,36.0,4.0,145.0,1
image_273,140.9444,31.0956,85.0,226.0,150.0463,30.0533,85.0,238.0,161.9043,29.5451,95.0,252.0,148.6767,30.0808,86.14,236.008,18.1331,19.7815,904.8538,0.3539,0.0975,0.969,324.0,18.0,1.0,40.25,28.25,28.25,33.0,161.0,1
image_271,153.6801,45.0446,29.0,255.0,145.0046,46.1629,19.0,250.0,145.2357,44.4036,24.0,243.0,147.625,45.4752,22.902,250.355,32.2949,25.3458,2067.99,0.367,0.0631,0.9895,2151.0,46.3789,1.0,67.0,71.0,68.0,13.0,153.0,1
image_266,144.1055,36.6088,86.0,252.0,94.1073,37.2342,44.0,205.0,103.6637,32.4605,57.0,201.0,110.1462,36.1403,58.154,216.803,10.4726,16.3538,1306.118,0.2067,0.0968,0.9552,559.0,23.6432,1.0,37.0,37.5,33.0,89.0,144.0,1
image_265,196.4357,37.4273,47.0,255.0,193.0155,33.8541,63.0,255.0,189.2207,30.8914,37.0,246.0,193.6055,34.4145,59.948,252.834,18.1423,14.9276,1184.3572,0.5947,0.079,0.9887,4377.0,66.1589,1.0,56.0,48.0,41.0,9.0,196.0,1
image_264,149.1653,27.3903,54.0,219.0,153.88,27.2669,56.0,215.0,160.1816,25.2574,69.0,217.0,153.1887,27.0206,56.884,216.31,17.5048,13.9671,730.1136,0.3721,0.105,0.9939,4284.0,65.4523,1.0,34.25,35.0,33.0,18.0,160.0,1
image_260,176.717,18.3509,115.0,208.0,206.6833,13.2969,135.0,229.0,234.768,9.5382,161.0,255.0,200.925,14.1039,132.881,224.033,3.2636,5.521,198.9191,0.6239,0.1135,0.9617,1866.0,43.1972,1.0,33.0,20.0,11.0,63.0,234.0,1
image_257,205.3713,34.4341,43.0,255.0,210.5014,33.7585,61.0,255.0,212.8159,33.038,70.0,255.0,209.2313,33.747,56.758,255.0,13.3732,16.2604,1138.8582,0.6908,0.0845,0.9891,3682.0,60.6795,1.0,48.0,46.0,46.0,8.0,212.0,1
image_255,203.6916,26.0414,126.0,251.0,194.7277,25.9498,117.0,243.0,186.0,25.956,108.0,233.0,196.4129,25.965,118.665,244.138,33.8272,20.6028,674.181,0.6036,0.0903,0.9992,694.0,26.3439,1.0,37.0,37.75,38.75,21.0,203.0,1
image_254,197.5714,36.5748,69.0,244.0,192.2612,35.4893,63.0,237.0,186.8204,34.3363,63.0,230.0,193.2287,35.6514,64.794,238.181,22.3162,23.5745,1271.0228,0.5937,0.0963,0.9979,245.0,15.6525,1.0,26.0,23.0,24.0,14.0,197.0,1
image_253,156.6141,49.2851,37.0,255.0,179.9711,25.0651,107.0,249.0,193.9968,25.361,131.0,246.0,174.5863,28.7588,91.656,250.452,20.4709,15.2246,827.0689,0.4815,0.0947,0.7539,311.0,17.6352,1.0,85.0,34.0,39.0,49.0,193.0,1
image_252,191.1398,51.9081,20.0,255.0,184.5027,52.5124,5.0,255.0,181.6612,49.8172,12.0,255.0,186.1633,51.9796,10.283,254.701,30.3503,25.025,2701.8822,0.5745,0.0471,0.9969,1659.0,40.7308,1.0,86.0,86.5,81.5,13.0,191.0,1
image_251,166.5159,38.6237,44.0,248.0,162.4932,37.6127,40.0,243.0,161.289,35.8146,41.0,237.0,163.5587,37.6646,41.31,243.811,37.2947,26.2136,1418.6231,0.4332,0.0775,0.997,661.0,25.7099,1.0,54.0,54.0,50.0,8.0,166.0,1
image_247,211.5893,13.6745,174.0,234.0,122.7143,14.3772,89.0,146.0,129.9107,13.8632,97.0,150.0,150.1083,13.6503,117.202,170.007,16.6826,11.8176,186.3311,0.3494,0.1252,0.8435,56.0,7.4833,1.0,19.75,20.25,20.75,108.0,211.0,1
image_246,164.128,48.3555,38.0,255.0,158.8249,41.3481,40.0,239.0,163.6078,33.7656,52.0,236.0,160.9558,41.0623,40.77,241.05,21.9416,18.4819,1686.111,0.4243,0.0668,0.8518,1211.0,34.7994,1.0,90.0,70.5,52.0,9.0,164.0,1
image_245,218.6957,8.2327,202.0,231.0,225.0435,8.3639,210.0,238.0,230.3913,8.8305,216.0,247.0,223.7551,8.1513,209.189,236.335,8.399,6.4441,66.443,0.771,0.1752,0.9341,23.0,4.7958,1.0,12.0,13.5,9.5,13.0,230.0,1
image_303,113.256,23.3602,41.0,170.0,165.5409,32.8891,47.0,222.0,199.6346,42.7428,63.0,255.0,153.7944,28.2149,47.03,206.626,21.0641,14.2737,796.0786,0.376,0.0936,0.5414,832.0,28.8444,1.0,36.0,43.0,53.0,110.0,199.0,1
image_300,133.1523,34.827,43.0,224.0,133.8078,48.4824,26.0,220.0,141.8134,51.075,34.0,225.0,134.5245,43.9297,31.995,221.168,10.5936,15.764,1929.8174,0.308,0.0576,0.9151,1431.0,37.8286,1.0,42.0,91.0,102.0,14.0,141.0,1
image_299,182.3694,11.7377,123.0,208.0,206.964,11.7775,145.0,229.0,226.4595,12.223,164.0,246.0,201.8327,11.65,140.887,224.659,6.67,10.2121,135.7236,0.6286,0.2215,0.9599,444.0,21.0713,1.0,11.0,10.0,8.0,50.0,226.0,1
image_298,141.0059,57.1689,26.0,228.0,193.9385,28.8898,71.0,238.0,223.4568,20.6188,102.0,255.0,181.4767,34.3045,61.079,235.238,15.3851,15.5859,1176.7974,0.5246,0.0685,0.8748,1366.0,36.9594,1.0,118.0,45.0,14.0,94.0,223.0,1
image_297,194.8408,13.8916,99.0,217.0,200.8628,14.002,99.0,223.0,206.089,13.1419,109.0,229.0,199.658,13.7585,100.14,221.591,9.2819,9.2635,189.2956,0.616,0.2006,0.9751,955.0,30.9031,1.0,11.5,11.0,11.0,15.0,206.0,1
image_296,204.4286,30.9291,70.0,255.0,208.1085,26.8259,73.0,255.0,209.443,24.6592,78.0,251.0,207.1603,27.2492,72.673,254.43,19.2914,18.9521,742.5166,0.6714,0.0935,0.9506,1106.0,33.2566,1.0,53.0,35.0,32.75,6.0,209.0,1
image_294,158.4656,38.1176,40.0,248.0,158.5608,40.7117,30.0,238.0,161.0366,40.361,31.0,236.0,158.8146,39.8154,33.104,240.762,19.2709,21.2044,1585.2657,0.4123,0.0561,0.9932,683.0,26.1343,1.0,56.5,62.0,63.0,5.0,161.0,1
image_293,186.9222,7.545,92.0,205.0,197.232,7.5576,107.0,213.0,204.1101,8.7533,112.0,221.0,194.9335,7.3424,103.085,210.025,4.0651,6.3114,53.9112,0.5852,0.2772,0.8308,681.0,26.096,1.0,7.0,8.0,12.0,23.0,204.0,1
image_290,157.8057,29.7748,62.0,255.0,135.7099,44.0424,31.0,219.0,145.2361,42.0996,39.0,222.0,143.4025,36.5628,41.181,224.777,7.0434,12.4368,1336.8382,0.3368,0.0609,0.601,4405.0,66.3702,1.0,34.0,81.0,78.0,36.0,157.0,1
image_288,214.4377,28.6445,97.0,255.0,210.7224,29.5193,89.0,254.0,206.6601,28.2022,87.0,251.0,211.3702,29.0834,91.164,253.957,20.6022,14.7312,845.8449,0.7001,0.0849,0.9975,1524.0,39.0384,1.0,36.0,37.0,35.0,10.0,214.0,1
image_287,164.0702,14.7239,110.0,195.0,201.054,14.6727,142.0,231.0,235.2068,14.2179,180.0,255.0,193.8893,14.5587,136.764,222.972,18.8279,12.7644,211.9569,0.5814,0.1387,0.9821,2036.0,45.1221,1.0,21.0,22.0,21.0,77.0,235.0,1
image_284,118.1046,17.4771,61.0,199.0,199.7314,16.1609,129.0,225.0,238.8071,14.0744,167.0,255.0,179.7796,15.4779,114.837,215.925,8.7696,6.9536,239.5668,0.5007,0.1452,0.8221,2323.0,48.1975,1.0,21.0,20.0,15.0,129.0,238.0,1
image_281,220.7048,11.9051,170.0,238.0,219.2667,11.4893,165.0,236.0,209.919,11.4021,161.0,225.0,218.631,11.5341,166.039,235.23,8.9925,8.4872,133.0356,0.7371,0.1808,0.9843,210.0,14.4914,1.0,12.0,10.75,10.75,13.0,220.0,1
image_280,164.896,56.817,0.0,255.0,165.3044,50.7749,3.0,255.0,159.8051,49.8332,0.0,250.0,164.5554,52.3354,5.934,254.43,22.7713,21.0202,2738.9948,0.4586,0.054,0.9939,4931.0,70.2211,1.0,79.0,72.0,64.0,9.0,165.0,1
image_279,113.7142,54.9124,16.0,241.0,166.2128,27.7639,19.0,244.0,197.4252,33.462,36.0,255.0,154.0739,30.119,20.041,243.673,9.9114,12.747,907.157,0.379,0.0796,0.5498,2274.0,47.6865,1.0,102.0,37.0,45.0,109.0,197.0,1
image_276,182.631,26.8195,121.0,227.0,191.9332,22.3692,127.0,226.0,197.385,17.3025,141.0,224.0,189.7733,23.0313,126.802,225.843,4.7324,6.6757,530.4428,0.562,0.1068,0.9874,374.0,19.3391,1.0,45.0,34.0,25.0,19.0,197.0,1
image_339,228.3153,13.335,135.0,255.0,231.1621,14.0359,133.0,255.0,232.7722,14.3288,136.0,255.0,230.4945,13.8028,133.94,255.0,6.5134,9.7056,190.5182,0.82,0.2221,0.9859,1462.0,38.2361,1.0,6.0,6.0,7.0,4.0,232.0,1
image_337,189.2645,42.7926,57.0,255.0,183.1861,44.1451,44.0,255.0,176.7744,40.6662,50.0,255.0,184.2726,43.2887,51.006,255.0,23.411,25.3079,1873.9088,0.551,0.0635,0.9972,1977.0,44.4635,1.0,59.0,59.0,53.0,18.0,189.0,1
image_332,221.8696,23.6203,129.0,254.0,224.2188,23.7514,129.0,255.0,228.0652,23.3313,131.0,255.0,223.9549,23.644,129.228,254.701,24.639,17.5257,559.0376,0.7799,0.1122,0.9976,690.0,26.2679,1.0,28.75,29.5,29.0,8.0,228.0,1
image_328,60.3367,39.7764,2.0,179.0,118.5102,39.2588,60.0,227.0,170.5408,27.1181,123.0,250.0,107.0478,37.7234,49.84,214.928,18.3258,14.5783,1423.0528,0.1981,0.0843,0.9827,98.0,9.8995,1.0,37.5,38.5,29.75,165.0,170.0,1
image_327,138.5159,36.2542,0.0,197.0,169.956,43.7831,0.0,228.0,198.3839,49.3788,7.0,255.0,163.7962,41.7919,1.097,221.809,16.9787,17.1706,1746.5637,0.4395,0.0891,0.9603,409.0,20.2237,1.0,50.0,38.0,36.0,77.0,198.0,1
image_326,163.9851,18.62,107.0,207.0,196.7773,17.3479,148.0,244.0,225.3341,15.6306,186.0,255.0,190.2279,16.9695,141.241,231.201,18.7858,13.6946,287.9649,0.5609,0.141,0.8732,871.0,29.5127,1.0,26.0,24.5,23.0,70.0,225.0,1
image_324,162.9664,30.5947,61.0,235.0,161.3485,36.8956,44.0,240.0,166.2635,38.103,52.0,240.0,162.3926,34.7424,49.995,238.206,27.3614,21.4205,1207.0362,0.4241,0.0819,0.9469,1518.0,38.9615,1.0,38.0,49.0,53.5,8.0,166.0,1
image_320,189.4613,25.9452,131.0,255.0,135.8856,24.2867,66.0,195.0,133.6482,22.3568,67.0,184.0,151.6497,24.2608,88.625,211.686,11.8281,18.1927,588.5874,0.3627,0.0791,0.9496,813.0,28.5132,1.0,38.0,36.0,32.0,76.0,189.0,1
image_318,198.8358,34.439,129.0,255.0,155.8432,40.0935,82.0,252.0,151.8938,35.0268,84.0,250.0,168.2478,37.3919,100.069,252.669,19.5752,25.0457,1398.1546,0.4568,0.0928,0.9491,810.0,28.4605,1.0,55.0,65.0,58.0,61.0,198.0,1
image_317,144.0425,37.3751,58.0,255.0,75.1309,34.028,6.0,233.0,82.1876,28.5744,22.0,238.0,96.5399,34.1057,26.86,239.92,10.9735,18.088,1163.1967,0.1612,0.0941,0.9704,3981.0,63.0952,1.0,44.0,38.0,33.0,122.0,144.0,1
image_316,204.5236,38.7863,95.0,255.0,134.3062,36.7551,47.0,194.0,127.9355,30.504,54.0,198.0,154.5749,36.4668,65.008,210.871,10.3865,20.1825,1329.8302,0.3879,0.0569,0.9831,2015.0,44.8888,1.0,58.0,59.5,51.5,96.0,204.0,1
image_315,190.704,40.7143,103.0,255.0,149.1408,39.6136,66.0,225.0,145.9495,35.0915,71.0,226.0,161.2044,38.3796,78.22,234.084,24.6435,27.6964,1472.9908,0.4223,0.0601,0.8872,277.0,16.6433,1.0,71.0,72.0,61.0,60.0,190.0,1
image_312,162.6128,13.9285,93.0,229.0,224.2749,24.302,94.0,249.0,242.0028,28.924,91.0,255.0,207.8589,19.8481,94.288,243.134,6.6584,11.608,393.9457,0.6705,0.203,0.4966,4282.0,65.437,1.0,10.0,8.0,9.0,84.0,242.0,1
image_311,201.841,12.2008,116.0,236.0,199.1164,12.2126,114.0,233.0,192.2199,11.8403,113.0,226.0,199.1449,12.1267,114.712,233.099,4.8467,5.432,147.0571,0.6122,0.1757,0.9922,3238.0,56.9034,1.0,15.0,15.0,15.0,11.0,201.0,1
image_305,220.4358,31.5083,84.0,255.0,219.7466,31.8182,80.0,255.0,218.298,31.1396,81.0,255.0,219.7875,31.6331,81.31,255.0,26.3114,19.4884,1000.654,0.7583,0.0953,0.9987,943.0,30.7083,1.0,41.0,42.5,40.0,2.0,220.0,1
image_304,219.7538,30.2373,124.0,255.0,220.3674,30.1081,122.0,255.0,221.0985,28.9775,123.0,255.0,220.2673,29.9901,122.712,255.0,23.9435,17.4965,899.405,0.76,0.1057,0.9985,264.0,16.2481,1.0,42.25,40.25,36.0,2.0,221.0,1
image_377,164.0936,21.6938,106.0,244.0,171.7571,21.0762,109.0,245.0,176.8412,18.5894,121.0,241.0,170.0453,20.9349,109.77,244.017,11.8561,14.9605,438.2693,0.4514,0.1326,0.9931,844.0,29.0517,1.0,27.0,26.0,21.25,17.0,176.0,1
image_376,147.411,37.9479,49.0,243.0,199.5835,26.7284,51.0,251.0,221.3368,34.6492,48.0,255.0,186.4638,24.0881,51.854,248.95,17.857,14.1869,580.2378,0.5436,0.1266,0.2493,3798.0,61.6279,1.0,68.0,25.0,42.0,85.0,221.0,1
image_375,151.0,46.4812,77.0,220.0,150.375,46.6421,75.0,219.0,151.4375,47.1142,74.0,224.0,150.683,46.638,75.712,219.869,35.8175,34.3046,2175.1041,0.3826,0.059,0.9996,16.0,4.0,1.0,67.5,68.0,67.75,2.0,151.0,1
image_370,179.8114,19.3954,68.0,235.0,194.6941,16.8185,83.0,244.0,207.5155,13.9603,102.0,253.0,191.7058,17.0884,80.681,242.335,4.4309,8.6935,292.0144,0.5697,0.1405,0.9734,2805.0,52.9623,1.0,27.0,23.0,19.0,34.0,207.0,1
image_369,191.7406,49.9692,74.0,255.0,177.6802,50.5235,41.0,253.0,178.7626,43.9163,48.0,248.0,182.0076,47.6082,51.665,252.729,9.1996,14.2808,2266.544,0.5443,0.0449,0.8298,2051.0,45.288,1.0,77.0,96.0,74.0,19.0,191.0,1
image_368,162.5624,16.9791,113.0,241.0,162.5843,16.9219,111.0,236.0,167.7135,16.2116,111.0,232.0,163.1624,16.8103,112.168,237.039,4.9703,7.2798,282.5851,0.4138,0.1647,0.9916,1780.0,42.19,1.0,17.0,18.0,18.0,8.0,167.0,1
image_362,132.5479,45.6919,65.0,255.0,76.069,38.7635,24.0,228.0,82.6858,32.3743,40.0,244.0,93.7105,39.8479,38.083,237.897,15.7958,27.9348,1587.8512,0.1595,0.0673,0.9814,261.0,16.1555,1.0,26.0,20.0,19.0,108.0,132.0,1
image_361,97.9515,29.4204,47.0,166.0,131.3288,27.7076,68.0,191.0,174.4169,22.1076,113.0,226.0,126.261,27.3256,68.09,187.059,13.6287,14.6995,746.6876,0.2566,0.1006,0.9686,1113.0,33.3617,1.0,49.0,39.0,30.0,113.0,174.0,1
image_359,155.9881,37.6289,64.0,244.0,122.9289,54.8723,41.0,238.0,136.8415,39.0961,49.0,226.0,134.3996,34.5982,54.072,223.242,24.5223,23.4079,1197.0369,0.2962,0.0816,-0.3444,675.0,25.9808,1.0,53.5,93.0,57.5,54.0,155.0,1
image_358,133.7372,57.6659,4.0,252.0,142.7332,62.9812,3.0,255.0,154.08,60.4796,38.0,255.0,141.3369,60.0617,10.139,254.103,19.0516,21.4401,3607.413,0.3627,0.0357,0.9307,1012.0,31.8119,1.0,102.0,111.0,103.0,35.0,154.0,1
image_357,124.8748,34.3521,38.0,250.0,135.7181,48.5806,19.0,238.0,130.0706,46.3476,19.0,231.0,131.8321,38.6143,24.909,238.099,29.7417,25.144,1491.0633,0.2902,0.0664,0.3445,2196.0,46.8615,1.0,33.0,92.0,87.0,21.0,135.0,1
image_356,176.7384,31.0814,40.0,255.0,185.2352,37.0679,44.0,255.0,191.441,42.5178,45.0,255.0,183.4021,34.8493,42.918,255.0,28.2961,21.9815,1214.4719,0.536,0.0765,0.8781,2542.0,50.4183,1.0,39.0,56.75,70.0,20.0,191.0,1
image_355,167.3531,46.4087,36.0,246.0,194.3618,29.4717,82.0,248.0,209.1247,31.0415,91.0,255.0,187.9692,31.21,74.243,246.107,19.2021,18.0421,974.0662,0.5583,0.0968,0.713,3665.0,60.5392,1.0,81.0,39.0,52.0,51.0,209.0,1
image_354,144.7223,39.8889,55.0,239.0,186.3273,28.2724,98.0,248.0,210.7291,30.7834,110.0,255.0,176.6692,28.7234,96.378,246.107,17.9124,18.859,825.0346,0.4927,0.0884,0.6602,443.0,21.0476,1.0,51.0,43.0,41.0,80.0,210.0,1
image_348,158.8425,50.92,44.0,255.0,98.9756,39.0284,17.0,253.0,97.9415,33.3738,23.0,250.0,116.7579,40.4571,28.149,253.256,12.6398,22.4685,1636.7786,0.2348,0.0471,0.8586,2788.0,52.8015,1.0,97.0,70.0,54.0,98.0,158.0,1
image_345,207.4021,33.9673,141.0,255.0,143.64,33.9018,75.0,209.0,140.7208,26.6786,74.0,198.0,162.3721,33.0033,94.962,221.5,12.9496,18.9969,1089.2195,0.4222,0.0671,0.9916,1164.0,34.1174,1.0,69.0,67.0,48.0,83.0,207.0,1
image_406,169.0483,54.7485,3.0,255.0,169.0469,51.3194,0.0,254.0,171.1773,46.2794,14.0,249.0,169.2902,51.4785,2.493,253.615,14.5198,15.515,2650.0339,0.4815,0.0581,0.9851,4282.0,65.437,1.0,94.0,85.0,74.0,3.0,171.0,1
image_405,164.868,32.0753,59.0,237.0,170.2939,28.5072,64.0,238.0,173.0827,27.183,40.0,241.0,168.9895,29.1157,60.666,237.288,14.0684,13.1022,847.7244,0.4522,0.0959,0.9822,1742.0,41.7373,1.0,45.75,37.0,31.0,13.0,173.0,1
image_404,155.7038,42.5794,12.0,238.0,162.863,40.3474,13.0,230.0,164.7513,43.449,0.0,232.0,160.9377,41.1952,14.753,232.05,13.9171,19.2136,1697.0445,0.4244,0.0734,0.9895,3744.0,61.1882,1.0,52.0,46.0,46.0,14.0,164.0,1
image_403,205.1,36.1246,48.0,255.0,208.6177,36.4637,51.0,255.0,212.7634,36.1934,58.0,255.0,208.0385,36.201,50.901,255.0,17.7815,15.0195,1310.5102,0.6857,0.1088,0.9874,4188.0,64.7148,1.0,38.0,34.0,32.0,8.0,212.0,1
image_402,190.8077,31.4368,34.0,240.0,200.5626,31.2904,37.0,242.0,208.1093,30.4536,44.0,248.0,198.5062,31.0328,36.901,240.912,10.4102,15.4226,963.0347,0.6208,0.1146,0.9777,5990.0,77.3951,1.0,33.0,24.0,19.0,22.0,208.0,1
image_398,204.5032,8.8105,172.0,222.0,209.6576,8.6377,185.0,230.0,212.7565,8.8018,191.0,238.0,208.4697,8.6176,181.797,227.036,2.3239,3.2685,74.2636,0.6695,0.1612,0.9644,1729.0,41.5812,1.0,15.0,15.0,15.0,10.0,212.0,1
image_390,209.6134,8.8004,125.0,253.0,210.9225,8.9611,123.0,252.0,210.836,9.0131,124.0,254.0,210.5212,8.8815,123.712,252.228,5.8575,7.8876,78.8816,0.6828,0.2654,0.9875,4012.0,63.3404,1.0,8.0,8.0,8.0,1.0,210.0,1
image_389,144.462,33.5691,22.0,255.0,142.5317,31.4927,25.0,244.0,147.3028,30.4478,40.0,252.0,143.6528,29.9409,25.813,248.201,10.0418,14.2801,896.4592,0.3311,0.1125,0.7345,7818.0,88.4195,1.0,39.0,28.0,28.0,9.0,147.0,1
image_386,156.9714,45.1025,51.0,251.0,133.1568,54.294,33.0,235.0,126.7296,53.9175,33.0,237.0,139.5447,51.2479,38.382,237.014,25.7638,27.6307,2626.3457,0.3399,0.0383,0.9777,2060.0,45.3872,1.0,82.0,107.0,108.0,49.0,156.0,1
image_385,171.2614,37.8744,24.0,239.0,173.2731,38.2429,20.0,234.0,175.3988,37.7655,34.0,234.0,172.9139,37.6351,22.792,232.049,21.7535,22.9889,1416.3971,0.4816,0.0785,0.9643,1783.0,42.2256,1.0,50.0,47.0,49.0,6.0,175.0,1
image_384,138.6184,53.8793,48.0,231.0,158.9245,29.8556,86.0,223.0,185.5122,30.2127,83.0,239.0,155.884,32.9032,90.784,225.164,18.7554,19.9379,1082.6198,0.3903,0.0638,0.8723,490.0,22.1359,1.0,107.75,50.75,38.0,65.0,185.0,1
image_383,162.0416,44.0756,35.0,255.0,158.0013,43.2256,36.0,253.0,157.5654,40.8158,40.0,247.0,159.1597,43.0927,36.271,252.914,33.4212,22.6761,1856.9839,0.4181,0.0622,0.9918,1514.0,38.9102,1.0,63.0,60.0,56.75,8.0,162.0,1
image_382,180.8208,35.9755,35.0,218.0,190.8935,35.9416,41.0,227.0,196.779,34.3585,47.0,232.0,188.5527,35.6555,40.189,224.879,13.0707,24.8849,1271.3141,0.5663,0.0634,0.9891,742.0,27.2397,1.0,48.0,39.75,32.0,21.0,196.0,1
image_381,169.2727,26.4582,86.0,237.0,180.4167,24.6995,100.0,241.0,188.7777,22.9827,113.0,246.0,178.0378,24.9452,97.296,240.146,20.3139,15.3573,622.265,0.497,0.0987,0.9903,1687.0,41.0731,1.0,40.0,35.0,31.0,26.0,188.0,1
image_380,94.5905,33.0966,25.0,155.0,95.7524,36.4524,22.0,161.0,103.7429,34.8521,33.0,167.0,96.3159,35.235,24.151,159.591,14.7039,14.2479,1241.5053,0.1618,0.0724,0.9956,105.0,10.247,1.0,55.0,59.0,57.0,22.0,103.0,1
image_379,202.4815,14.9362,156.0,228.0,183.5802,14.8406,138.0,210.0,174.963,14.8269,128.0,205.0,188.2493,14.7108,142.242,213.915,5.2998,4.3042,216.4081,0.5483,0.137,0.966,81.0,9.0,1.0,21.0,22.0,21.0,35.0,202.0,1
image_435,222.0293,9.5761,134.0,249.0,228.8122,9.2182,139.0,255.0,233.5252,9.3945,142.0,255.0,227.3214,9.2477,137.847,253.206,8.201,7.4096,85.5194,0.796,0.2191,0.9688,1704.0,41.2795,1.0,12.0,11.0,10.0,12.0,233.0,1
image_434,87.6795,28.5964,6.0,212.0,76.1454,29.4044,0.0,199.0,82.5197,29.0558,11.0,206.0,80.3208,28.8701,3.39,203.685,18.541,18.399,833.4834,0.112,0.1033,0.9698,1114.0,33.3766,1.0,34.0,37.0,38.0,32.0,87.0,1
image_432,143.375,36.394,34.0,207.0,151.4145,39.213,37.0,220.0,159.3224,38.333,44.0,226.0,149.9122,38.2443,36.901,216.797,15.9571,14.6654,1462.6232,0.3681,0.0557,0.9977,304.0,17.4356,1.0,58.0,64.25,63.0,26.0,159.0,1
image_431,169.979,24.3498,117.0,243.0,181.0581,19.1329,130.0,239.0,188.021,15.8954,146.0,253.0,178.5392,20.1445,127.937,239.854,6.5209,11.2954,405.8008,0.4965,0.0934,0.9783,2290.0,47.8539,1.0,43.0,30.0,21.0,26.0,188.0,1
image_430,81.1309,30.103,4.0,150.0,78.6072,34.6157,0.0,168.0,88.5203,33.9932,7.0,182.0,80.4919,33.0848,1.994,164.214,16.6802,16.8479,1094.6048,0.1165,0.0784,0.9859,1749.0,41.821,1.0,46.0,51.0,51.0,29.0,88.0,1
image_419,164.4172,32.3661,2.0,255.0,177.7626,28.579,21.0,255.0,187.4978,24.4266,38.0,255.0,174.8822,29.0648,17.257,255.0,8.3625,11.3355,844.7638,0.4833,0.0759,0.9826,5283.0,72.6842,1.0,50.0,40.0,30.0,31.0,187.0,1
image_418,181.1001,35.3277,4.0,255.0,188.7511,31.3011,0.0,255.0,194.0055,27.0147,9.0,255.0,187.0625,31.8905,2.222,255.0,8.8362,12.6205,1017.0016,0.5538,0.1052,0.9871,6762.0,82.2314,1.0,40.0,31.0,25.0,17.0,194.0,1
image_417,122.0723,37.0809,35.0,195.0,114.034,41.2136,27.0,183.0,116.2426,39.588,25.0,187.0,116.6893,39.6378,29.164,187.044,19.5738,19.7947,1571.1536,0.2336,0.0547,0.9833,235.0,15.3297,1.0,59.0,77.0,74.5,17.0,122.0,1
image_416,97.082,18.0355,19.0,146.0,117.9495,24.483,22.0,204.0,136.6516,34.1388,29.0,242.0,113.8421,21.105,21.901,190.99,9.245,12.3598,445.4214,0.2062,0.1395,0.5083,732.0,27.0555,1.0,22.0,27.0,27.0,73.0,136.0,1
image_415,194.9603,28.5132,32.0,223.0,196.5247,28.3262,31.0,223.0,197.8557,27.031,37.0,226.0,196.2087,28.1908,31.983,223.228,12.7313,19.0149,794.7231,0.6043,0.1167,0.9954,1538.0,39.2173,1.0,12.0,12.0,11.0,4.0,197.0,1
image_414,126.5408,32.9786,29.0,235.0,172.7439,37.1857,30.0,238.0,204.0717,43.7413,28.0,255.0,162.5005,33.8606,38.742,225.287,23.0403,18.7418,1146.5398,0.4237,0.0836,0.6879,2413.0,49.1223,1.0,48.0,45.0,37.0,98.0,204.0,1
image_413,165.2582,63.1472,29.0,255.0,166.9723,60.9576,32.0,255.0,174.9865,59.6844,28.0,255.0,167.3734,59.5011,33.168,254.772,24.2374,25.6617,3540.3836,0.4853,0.039,0.9172,2893.0,53.7866,1.0,121.0,101.0,84.0,13.0,174.0,1
image_412,122.3824,36.6048,55.0,219.0,125.2941,38.934,54.0,228.0,135.25,36.2408,68.0,233.0,125.5585,37.9063,55.895,225.879,29.5134,20.541,1436.8883,0.2645,0.0825,0.9982,68.0,8.2462,1.0,56.0,58.0,51.75,25.0,135.0,1
image_411,101.1935,29.3938,44.0,221.0,91.6098,31.1563,41.0,228.0,93.6504,32.1545,38.0,234.0,94.7079,30.6691,43.876,226.591,31.1992,20.9926,940.5955,0.1524,0.0944,0.9932,615.0,24.7992,1.0,38.0,37.5,39.0,25.0,101.0,1
image_410,126.7786,41.788,26.0,196.0,133.6832,31.1684,55.0,193.0,142.0191,19.6747,89.0,192.0,132.569,32.6394,52.868,193.099,17.1772,13.0122,1065.328,0.2867,0.0874,0.9822,262.0,16.1864,1.0,34.75,33.0,26.0,29.0,142.0,1
image_409,159.1344,47.9625,46.0,255.0,153.3198,51.9715,35.0,254.0,153.1263,53.3132,39.0,255.0,155.0363,50.826,38.745,254.413,30.119,26.2573,2583.2777,0.4094,0.0488,0.9927,491.0,22.1585,1.0,77.5,85.0,87.0,10.0,159.0,1
image_462,160.8184,36.3388,34.0,251.0,167.5026,36.2275,41.0,244.0,161.6243,45.6361,25.0,239.0,164.8339,35.6435,43.164,244.327,18.4101,22.8201,1270.4578,0.4374,0.0743,0.8084,1520.0,38.9872,1.0,44.0,44.25,62.0,11.0,167.0,1
image_461,116.0111,12.5747,83.0,141.0,208.8333,12.4421,170.0,230.0,244.5222,11.3512,206.0,255.0,185.148,11.8972,149.265,205.043,14.6856,10.9552,141.5441,0.5294,0.1801,0.8465,90.0,9.4868,1.0,16.0,16.0,16.25,134.0,244.0,1
image_460,223.7592,11.1256,93.0,249.0,231.6483,9.2459,107.0,254.0,237.3524,10.1499,90.0,255.0,229.9397,9.537,104.165,251.69,7.4296,6.785,90.9536,0.8145,0.2577,0.8674,2633.0,51.3128,1.0,9.0,9.0,9.0,15.0,237.0,1
image_459,194.4883,16.5654,137.0,251.0,206.4116,15.143,154.0,255.0,214.4265,14.4419,164.0,255.0,203.7602,15.3897,150.057,253.804,16.3428,11.2937,236.8422,0.6421,0.1386,0.9785,809.0,28.4429,1.0,22.0,21.0,20.0,24.0,214.0,1
image_457,119.2068,54.6243,6.0,251.0,135.4849,51.8032,8.0,254.0,149.5377,55.5926,23.0,255.0,132.2198,50.1192,9.112,252.69,17.3723,16.2386,2511.9383,0.3075,0.0702,0.8033,4941.0,70.2922,1.0,83.0,76.0,100.0,51.0,149.0,1
image_456,168.7146,59.6116,36.0,255.0,170.3512,62.6554,35.0,255.0,172.5009,61.2296,49.0,255.0,170.1069,61.5376,36.895,254.544,12.4094,20.2836,3786.8735,0.5032,0.0249,0.9981,5823.0,76.3086,1.0,110.0,118.0,119.0,6.0,172.0,1
image_455,172.4314,37.0412,79.0,253.0,203.3915,19.4855,87.0,255.0,218.9895,18.6167,92.0,255.0,195.9126,22.3401,87.271,254.288,17.3154,16.4622,499.0822,0.5979,0.101,0.7814,1903.0,43.6234,1.0,66.0,24.0,21.5,54.0,218.0,1
image_454,86.3,29.8634,0.0,167.0,159.7352,31.8986,37.0,233.0,205.2621,36.6601,60.0,255.0,142.9681,30.6889,29.243,215.774,14.9681,12.6381,941.8075,0.3288,0.0921,0.8869,2957.0,54.3783,1.0,39.0,40.0,36.0,148.0,205.0,1
image_448,107.1147,21.248,54.0,211.0,100.7257,21.3941,48.0,205.0,103.4325,21.2062,50.0,207.0,102.9446,21.3048,50.022,207.022,22.6157,15.8577,453.8936,0.17,0.1169,0.9959,2206.0,46.9681,1.0,28.0,28.0,28.0,17.0,107.0,1
image_447,106.5576,21.4468,47.0,197.0,146.561,41.3027,53.0,229.0,169.8188,60.5106,59.0,255.0,137.2514,31.2949,52.802,202.961,18.9821,13.2445,979.3738,0.3048,0.0729,-0.031,2952.0,54.3323,1.0,27.0,77.0,119.0,95.0,169.0,1
image_446,95.4881,12.2105,55.0,140.0,152.9011,11.3885,116.0,186.0,215.4195,11.6505,176.0,250.0,142.8617,11.4128,104.9,175.125,13.1685,9.3621,130.2527,0.3159,0.1832,0.9285,4429.0,66.5507,1.0,17.0,16.0,16.0,142.0,215.0,1
image_444,179.9491,23.6144,139.0,246.0,171.1435,23.3383,129.0,236.0,166.6435,22.6378,120.0,235.0,173.2634,23.3111,130.964,238.876,25.3759,19.9233,543.4057,0.47,0.096,0.9963,216.0,14.6969,1.0,34.25,34.25,33.25,19.0,179.0,1
image_442,219.5794,23.7093,144.0,255.0,216.1114,23.9174,145.0,255.0,210.9028,23.8589,139.0,255.0,216.5545,23.8172,144.017,254.772,35.3589,20.0585,567.2576,0.7299,0.0851,0.9956,844.0,29.0517,1.0,39.0,39.0,39.0,10.0,219.0,1
image_441,120.7692,17.686,75.0,144.0,117.3846,17.7224,72.0,140.0,120.9231,16.3917,79.0,141.0,118.8,17.5441,73.695,141.31,19.8914,17.6343,307.7948,0.2218,0.1693,0.9969,13.0,3.6056,1.0,22.0,24.0,24.0,6.0,120.0,1
image_439,212.4432,29.5525,71.0,255.0,211.8102,29.5548,72.0,255.0,210.6537,29.1375,74.0,255.0,211.8676,29.4758,72.157,255.0,29.4171,20.1829,868.8222,0.7037,0.091,0.9967,2218.0,47.0956,1.0,39.0,40.0,39.0,2.0,212.0,1
image_438,136.2826,54.6279,24.0,255.0,114.9239,63.5933,4.0,255.0,115.2174,63.881,5.0,255.0,121.3436,60.7533,10.094,254.701,31.7748,30.3433,3690.9679,0.2832,0.04,0.9851,460.0,21.4476,1.0,83.25,101.25,99.0,41.0,136.0,1
image_493,212.1404,16.1649,178.0,246.0,211.217,16.0109,178.0,245.0,209.7617,15.7511,176.0,243.0,211.3272,16.0009,177.772,245.071,17.4392,11.5658,256.0273,0.6907,0.1285,0.9971,235.0,15.3297,1.0,27.0,27.0,26.5,4.0,212.0,1
image_492,178.6054,52.4635,51.0,247.0,164.3895,55.4771,29.0,237.0,160.8485,47.2127,36.0,225.0,168.2364,51.9359,46.841,238.622,7.0885,7.3591,2697.3397,0.4768,0.0236,0.8596,1366.0,36.9594,1.0,96.0,99.0,84.0,26.0,178.0,1
image_491,172.0979,44.9956,79.0,255.0,148.9306,60.5977,25.0,255.0,150.0783,58.7507,39.0,255.0,155.9885,53.764,43.938,255.0,21.4427,22.3569,2890.5692,0.4187,0.046,0.8114,562.0,23.7065,1.0,75.0,105.75,101.0,36.0,172.0,1
image_490,159.414,35.6083,67.0,217.0,172.8703,35.2758,81.0,225.0,179.8329,33.0339,89.0,227.0,169.6406,35.0865,78.025,222.836,11.6759,14.1155,1231.0594,0.4615,0.0751,0.9968,401.0,20.025,1.0,59.0,57.0,52.0,28.0,179.0,1
image_488,210.6468,37.1053,99.0,255.0,151.9517,35.5058,48.0,201.0,133.316,29.5051,31.0,178.0,167.3771,35.2036,61.311,214.524,15.9485,18.444,1239.2949,0.4499,0.059,0.9926,269.0,16.4012,1.0,51.0,44.0,38.0,94.0,210.0,1
image_486,147.75,46.3296,85.0,217.0,114.1833,41.7197,54.0,178.0,108.8292,34.9479,53.0,161.0,123.6094,42.2842,63.742,187.011,13.0203,19.1744,1787.9513,0.2625,0.0259,0.998,240.0,15.4919,1.0,92.0,81.0,67.25,68.0,147.0,1
image_482,90.6831,41.1021,0.0,165.0,98.5845,48.011,0.0,168.0,113.9718,48.8316,12.0,183.0,97.9761,45.9099,1.368,168.813,27.5384,29.9191,2107.723,0.18,0.0323,0.9866,142.0,11.9164,1.0,73.75,92.0,96.0,52.0,113.0,1
image_481,238.3696,18.6222,155.0,255.0,235.2011,19.5909,144.0,255.0,233.7989,19.9038,140.0,255.0,235.9886,19.1621,146.833,255.0,17.8158,14.4125,367.1856,0.8621,0.1209,0.9629,184.0,13.5647,1.0,25.0,24.0,25.0,5.0,238.0,1
image_479,143.6368,30.2961,56.0,247.0,157.3316,27.4822,69.0,255.0,160.9026,32.5673,26.0,255.0,153.644,28.4006,68.802,252.608,11.9842,12.6072,806.5954,0.3754,0.0872,0.9827,1140.0,33.7639,1.0,49.0,41.0,35.0,27.0,160.0,1
image_473,209.2561,28.9627,43.0,255.0,202.458,28.9449,14.0,255.0,195.2415,27.5782,15.0,246.0,203.6679,28.7609,23.127,253.746,25.3496,16.6393,827.1911,0.6506,0.0981,0.9963,13190.0,114.8477,1.0,36.0,36.0,35.0,17.0,209.0,1
image_472,111.3457,16.9499,65.0,191.0,104.1031,16.8987,56.0,182.0,105.9105,16.6619,59.0,183.0,106.4747,16.8673,59.033,184.805,18.7028,12.5458,284.506,0.1787,0.1339,0.9956,1397.0,37.3765,1.0,24.0,23.0,23.0,16.0,111.0,1
image_468,189.8831,38.4965,85.0,250.0,178.7691,45.9322,61.0,235.0,174.3471,47.5973,63.0,233.0,181.5881,43.6217,70.91,235.866,21.9672,23.9393,1902.8515,0.5364,0.0494,0.9719,1334.0,36.524,1.0,50.0,63.0,66.0,20.0,189.0,1
image_467,144.4732,47.1683,67.0,223.0,142.1183,51.9131,58.0,227.0,141.9732,53.5462,60.0,233.0,142.8059,50.644,61.033,224.395,12.0986,13.4738,2564.815,0.3531,0.0723,0.9978,448.0,21.166,1.0,99.0,113.25,117.0,5.0,144.0,1
image_466,153.0876,30.024,80.0,237.0,151.2665,26.1913,83.0,227.0,151.8729,21.6403,89.0,215.0,151.8801,26.6874,83.983,228.622,15.6773,14.2478,712.2193,0.3657,0.0999,0.9901,1062.0,32.5883,1.0,43.0,34.75,26.0,3.0,153.0,1
image_464,173.5862,32.9521,103.0,237.0,137.399,29.4916,73.0,199.0,142.3695,26.414,81.0,200.0,148.7856,30.0303,82.882,207.258,19.9809,16.5549,901.8191,0.3543,0.0591,0.9811,203.0,14.2478,1.0,59.0,52.0,42.5,53.0,173.0,1
image_463,145.8627,42.9048,19.0,219.0,155.871,45.2827,24.0,229.0,160.652,49.935,24.0,238.0,153.4236,45.0097,22.918,227.036,13.5806,14.506,2025.8727,0.3932,0.0575,0.9968,3241.0,56.9298,1.0,63.0,68.0,73.0,24.0,160.0,1
image_520,108.7762,29.1573,34.0,174.0,72.7599,23.8755,7.0,146.0,79.2968,18.9443,22.0,144.0,84.274,24.6227,16.783,152.948,8.485,13.12,606.2764,0.1185,0.0817,0.9602,1287.0,35.8748,1.0,49.0,33.0,25.0,85.0,108.0,1
image_519,161.7696,41.9501,47.0,255.0,155.8375,36.8977,69.0,221.0,183.3852,38.0672,91.0,243.0,160.7517,33.3903,87.17,232.078,15.6643,17.8103,1114.909,0.4145,0.0813,0.5064,1311.0,36.2077,1.0,34.0,62.5,72.0,39.0,183.0,1
image_518,167.692,41.0994,32.0,234.0,144.827,47.3768,26.0,228.0,140.9873,45.2224,28.0,233.0,151.2259,43.9256,28.022,230.022,25.9675,32.3677,1929.4605,0.3814,0.0484,0.863,237.0,15.3948,1.0,60.0,67.0,66.0,41.0,167.0,1
image_517,164.8604,49.5197,58.0,255.0,115.1107,41.5996,37.0,212.0,108.3868,38.7971,30.0,208.0,129.2193,41.2629,44.193,216.954,19.3168,24.3106,1702.6245,0.283,0.0461,0.7782,1003.0,31.6702,1.0,77.0,51.0,48.0,87.0,164.0,1
image_516,142.7649,49.2657,10.0,255.0,124.3596,50.661,1.0,252.0,121.6662,50.7124,0.0,249.0,129.5557,49.7833,4.104,252.441,29.3795,28.461,2478.3801,0.2962,0.0537,0.9667,2016.0,44.8999,1.0,75.25,75.0,77.0,38.0,142.0,1
image_512,93.7111,16.4433,59.0,142.0,117.5778,13.7897,96.0,165.0,73.3556,17.5248,47.0,117.0,105.4003,13.7818,82.797,152.195,14.6516,13.4289,189.9378,0.1738,0.1299,0.9395,45.0,6.7082,1.0,15.0,17.0,20.0,96.0,117.0,1
image_511,222.7846,17.2888,89.0,254.0,223.7717,19.083,88.0,255.0,222.9538,21.6757,86.0,255.0,223.3833,18.7382,88.071,254.701,13.6787,11.9347,351.1212,0.7728,0.1336,0.9848,2725.0,52.2015,1.0,18.0,21.0,27.0,1.0,223.0,1
image_510,210.7797,18.3064,137.0,249.0,208.2453,18.1705,134.0,245.0,201.389,18.3808,125.0,249.0,208.2214,18.1295,133.871,244.942,16.0763,12.3395,328.6783,0.6718,0.1255,0.9867,1162.0,34.0881,1.0,25.0,26.0,24.0,11.0,210.0,1
image_509,195.3663,15.7638,148.0,226.0,215.2311,13.3861,171.0,243.0,225.3389,11.457,185.0,250.0,210.4438,13.846,166.915,238.715,3.889,6.1693,191.7117,0.684,0.1371,0.9931,2337.0,48.3425,1.0,26.0,21.0,18.0,34.0,225.0,1
image_505,118.3947,7.8691,94.0,129.0,217.6579,8.3328,194.0,231.0,250.0263,6.4256,228.0,255.0,191.6682,7.8369,167.976,202.939,7.9801,5.8371,61.4177,0.5659,0.2254,0.9291,38.0,6.1644,1.0,9.5,10.75,6.75,135.0,250.0,1
image_504,112.1401,7.2868,85.0,135.0,213.2337,7.1898,185.0,233.0,249.4785,6.1093,222.0,255.0,187.1386,6.959,160.144,205.608,4.105,3.4132,48.428,0.5393,0.233,0.9386,11102.0,105.366,1.0,10.0,11.0,9.0,140.0,249.0,1
image_499,109.963,15.2424,79.0,172.0,205.9788,12.3412,181.0,255.0,243.2222,9.8991,215.0,255.0,181.5158,12.2447,158.795,229.585,12.7119,9.3804,149.9319,0.509,0.1716,0.8426,189.0,13.7477,1.0,19.0,16.0,16.0,141.0,243.0,1
image_498,145.9737,31.4927,89.0,219.0,206.9211,30.3303,130.0,255.0,229.9408,21.8335,179.0,255.0,191.322,28.7398,124.936,244.236,21.0795,17.6414,825.9767,0.5756,0.1087,0.8837,152.0,12.3288,1.0,50.0,39.0,36.25,94.0,229.0,1
image_496,54.5251,33.9474,0.0,235.0,154.2394,27.8994,43.0,227.0,144.4176,33.3181,0.0,227.0,123.3051,25.8899,33.129,228.805,13.2992,12.2551,670.286,0.2441,0.0923,0.4687,7699.0,87.7439,1.0,37.0,43.0,38.0,166.0,154.0,1
image_495,133.206,52.5584,0.0,233.0,173.1035,49.4708,15.0,231.0,187.2478,64.4608,0.0,255.0,162.7866,47.4352,9.033,229.871,14.955,14.8127,2250.0983,0.4421,0.0769,0.6581,1913.0,43.7379,1.0,78.0,41.0,70.0,74.0,187.0,1
image_494,120.6057,36.1496,8.0,255.0,78.7903,25.9656,0.0,211.0,83.0532,19.7612,7.0,212.0,91.7791,27.907,3.646,223.569,9.145,16.3131,778.7995,0.1415,0.0721,0.9513,2894.0,53.7959,1.0,52.0,33.0,23.0,89.0,120.0,1
image_542,193.7694,31.4238,128.0,253.0,113.6961,31.6329,49.0,215.0,110.1142,26.8646,51.0,207.0,137.2297,30.2633,73.191,215.17,13.7782,20.0364,915.8687,0.3037,0.043,0.8952,464.0,21.5407,1.0,57.0,55.0,43.0,110.0,193.0,1
image_541,176.1221,51.9552,31.0,255.0,170.9119,53.0171,34.0,249.0,170.1082,48.1552,46.0,238.0,172.3781,51.9198,35.172,249.084,17.9424,18.6231,2695.6696,0.4984,0.0456,0.9861,1294.0,35.9722,1.0,75.0,58.0,45.0,9.0,176.0,1
image_538,134.674,26.6469,81.0,205.0,147.4006,24.264,97.0,210.0,158.663,20.4992,111.0,216.0,144.8792,24.4338,93.926,209.189,12.0058,12.9171,597.0116,0.332,0.1124,0.9853,362.0,19.0263,1.0,38.75,36.0,27.75,39.0,158.0,1
image_537,121.6635,32.2558,31.0,229.0,164.1163,21.3589,78.0,236.0,189.4088,30.422,97.0,255.0,154.3063,18.6261,75.681,233.879,8.3262,11.7909,346.9314,0.3715,0.1532,0.1494,2752.0,52.4595,1.0,34.0,19.0,48.0,92.0,189.0,1
image_536,124.8795,43.4169,17.0,255.0,165.2871,32.7112,69.0,254.0,205.1722,24.3245,67.0,255.0,157.7521,34.2052,64.21,253.387,12.5621,13.3247,1169.9959,0.4007,0.0689,0.9478,13679.0,116.9573,1.0,66.0,44.0,32.0,101.0,205.0,1
image_535,222.7066,23.825,122.0,255.0,219.447,24.265,114.0,255.0,214.0419,25.0155,111.0,253.0,219.8054,24.0344,116.05,254.43,25.1279,18.3188,577.6546,0.7519,0.0953,0.983,2246.0,47.392,1.0,33.0,34.0,39.0,9.0,222.0,1
image_534,214.35,16.8857,164.0,237.0,221.9,17.6533,169.0,245.0,226.625,16.7566,175.0,248.0,220.1812,17.3069,168.189,242.95,12.4418,12.4993,299.5275,0.7502,0.1164,0.9988,40.0,6.3246,1.0,20.5,20.75,19.25,14.0,226.0,1
image_531,220.4794,17.5222,133.0,242.0,230.1627,14.3198,151.0,250.0,234.961,10.9895,154.0,253.0,227.8144,14.8232,148.95,247.95,5.7088,6.6088,219.7284,0.8015,0.2012,0.989,922.0,30.3645,1.0,11.0,10.75,9.0,15.0,234.0,1
image_530,102.6454,51.0114,0.0,247.0,108.1967,52.3304,6.0,255.0,113.3224,51.6922,0.0,255.0,107.1212,51.7102,3.522,252.608,9.5024,13.7683,2673.9452,0.2176,0.0531,0.9931,19073.0,138.105,1.0,66.0,68.0,64.0,25.0,113.0,1
image_529,153.5073,35.1355,0.0,251.0,150.6476,35.3663,0.0,253.0,145.4176,34.8982,2.0,252.0,150.9064,35.1789,0.57,252.288,12.6031,13.5342,1237.5536,0.3692,0.0816,0.9963,13478.0,116.0948,1.0,48.0,50.0,48.0,13.0,153.0,1
image_526,182.6084,46.975,28.0,253.0,183.4121,45.1419,34.0,255.0,166.4204,58.7536,0.0,254.0,181.2347,47.0573,28.33,254.288,19.9874,17.3098,2214.389,0.5392,0.0618,0.9967,3754.0,61.2699,1.0,61.0,59.0,83.0,24.0,183.0,1
image_525,191.7342,24.1075,94.0,240.0,191.8898,23.4005,99.0,239.0,187.0519,22.2521,95.0,237.0,191.2917,23.4211,97.049,238.772,23.3571,16.1524,548.5482,0.5712,0.1113,0.9941,617.0,24.8395,1.0,34.0,34.0,31.0,5.0,191.0,1
image_524,97.2836,10.8116,74.0,119.0,212.3284,10.3179,191.0,231.0,246.194,8.7966,226.0,255.0,181.7907,10.0994,160.007,198.753,12.5065,8.1955,101.9982,0.5098,0.2102,0.9249,67.0,8.1854,1.0,13.0,13.5,14.0,154.0,246.0,1
image_523,69.8967,24.7059,11.0,121.0,196.1737,20.9664,140.0,240.0,242.8785,11.151,197.0,255.0,163.7412,20.6463,110.6,206.129,10.4517,10.0348,426.2696,0.4189,0.0888,0.9713,1704.0,41.2795,1.0,47.0,35.0,17.0,182.0,242.0,1
image_522,65.3997,23.6999,9.0,151.0,169.3891,16.1936,101.0,207.0,163.6887,14.7521,103.0,205.0,137.6464,17.2513,77.906,186.75,13.3119,10.1357,297.6071,0.2959,0.1498,0.7669,3087.0,55.5608,1.0,23.0,19.0,19.0,157.0,169.0,1
image_521,60.032,32.6667,3.0,138.0,165.766,29.5058,88.0,238.0,173.4469,44.9575,85.0,255.0,135.0271,31.7284,63.738,210.038,13.5139,13.5133,1006.6903,0.2959,0.101,0.9474,5247.0,72.4362,1.0,55.0,42.0,84.0,167.0,173.0,1
image_566,45.5133,12.7613,19.0,96.0,102.8767,16.2428,70.0,160.0,180.66,14.28,141.0,234.0,94.5923,14.5896,68.035,149.3,10.3161,9.4753,212.8573,0.1409,0.1738,0.9008,300.0,17.3205,1.0,14.0,19.0,17.0,191.0,180.0,1
image_564,210.8083,25.6093,147.0,255.0,138.5369,26.3766,75.0,184.0,132.5693,22.2861,76.0,178.0,159.4657,25.6135,96.642,203.562,17.1423,13.3318,656.0504,0.4012,0.0847,0.9927,339.0,18.412,1.0,44.5,46.0,39.5,95.0,210.0,1
image_561,194.6769,18.4323,90.0,229.0,193.8104,21.1111,84.0,231.0,194.9292,21.5989,86.0,234.0,194.197,20.1891,86.022,230.288,14.3044,13.4693,407.5982,0.5862,0.1202,0.9632,749.0,27.3679,1.0,22.0,27.0,28.0,1.0,194.0,1
image_559,172.4051,23.7417,104.0,242.0,180.7359,20.4741,114.0,244.0,188.1898,17.8588,119.0,253.0,179.0948,20.988,112.15,242.228,13.877,14.2226,440.4967,0.5,0.13,0.9789,943.0,30.7083,1.0,35.0,26.0,22.0,22.0,188.0,1
image_558,141.4313,33.3683,35.0,236.0,150.1558,25.9676,68.0,231.0,139.3608,36.9668,15.0,220.0,146.3165,28.8865,52.091,230.942,18.1107,14.3363,834.4301,0.3421,0.0977,0.9692,1361.0,36.8917,1.0,42.0,33.0,41.0,19.0,150.0,1
image_557,71.7062,23.2265,24.0,128.0,177.423,19.7088,118.0,227.0,230.8693,14.2153,180.0,255.0,151.9066,19.8624,96.962,199.118,10.7074,11.8544,394.5158,0.3609,0.0998,0.9585,1331.0,36.4829,1.0,41.0,31.0,21.0,176.0,230.0,1
image_556,191.6225,53.4526,0.0,255.0,191.9986,46.8481,15.0,255.0,185.0518,49.0929,0.0,248.0,191.0942,48.962,9.147,253.974,28.6037,22.0063,2397.2767,0.5985,0.081,0.9961,4207.0,64.8614,1.0,57.0,51.0,45.0,8.0,191.0,1
image_554,211.5556,8.8248,199.0,229.0,210.3333,9.0758,196.0,228.0,204.8148,9.5841,189.0,224.0,210.0697,9.0384,196.099,227.843,8.8112,8.6207,81.6928,0.6799,0.2503,0.9933,27.0,5.1962,1.0,14.0,14.0,14.5,8.0,211.0,1
image_553,102.1867,38.1188,0.0,243.0,105.3117,35.0032,0.0,242.0,110.5992,34.4571,0.0,238.0,104.9801,35.1109,1.368,241.843,11.0627,14.6424,1232.7777,0.1884,0.0797,0.9801,15126.0,122.9878,1.0,49.0,42.0,37.0,19.0,110.0,1
image_552,172.2916,58.0391,0.0,238.0,178.9101,56.979,4.0,240.0,182.5956,56.0226,16.0,244.0,177.3513,57.0948,4.172,238.929,8.5395,15.6126,3259.8111,0.5338,0.0358,0.9954,6138.0,78.3454,1.0,91.0,85.0,83.0,14.0,182.0,1
image_551,188.4605,17.927,0.0,214.0,208.9108,19.1054,0.0,232.0,221.5002,19.6812,0.0,244.0,204.2313,18.7683,0.0,227.986,1.9684,8.9453,352.2481,0.6469,0.2594,0.9909,13357.0,115.5725,1.0,10.0,7.0,7.0,38.0,221.0,1
image_550,156.2254,25.3457,118.0,232.0,128.8594,29.4829,83.0,217.0,121.2812,30.5458,70.0,212.0,136.1779,28.1518,92.88,219.121,17.9503,18.6249,792.5246,0.2974,0.0785,0.965,448.0,21.166,1.0,35.0,40.0,43.0,57.0,156.0,1
image_549,149.854,39.3091,31.0,246.0,146.8134,39.0807,27.0,242.0,128.9065,41.9859,19.0,230.0,145.6811,38.7595,29.153,241.828,15.9491,15.0182,1502.2996,0.3495,0.0646,0.9216,4684.0,68.4398,1.0,58.0,64.0,70.0,36.0,149.0,1
image_548,96.9781,10.9978,55.0,126.0,214.5625,10.7853,175.0,239.0,246.6859,8.8971,209.0,255.0,183.0668,10.4756,142.996,205.542,12.7071,8.9676,109.7375,0.5171,0.1892,0.9549,1920.0,43.8178,1.0,15.0,14.0,13.0,155.0,246.0,1
image_547,75.8703,26.0384,15.0,128.0,177.0704,53.3868,58.0,245.0,225.4356,32.7933,122.0,255.0,152.3252,42.4638,54.831,210.559,10.6876,8.877,1803.1702,0.3846,0.04,0.9439,7461.0,86.3771,1.0,51.0,111.0,67.0,170.0,225.0,1
image_544,146.143,24.5125,75.0,229.0,156.5586,25.6503,78.0,224.0,163.5835,31.3088,83.0,255.0,154.2452,23.4607,77.673,225.039,18.5134,14.1648,550.4032,0.3743,0.1161,0.6181,1126.0,33.5559,1.0,30.0,32.0,30.0,27.0,163.0,1
image_592,200.6934,5.3095,166.0,211.0,210.8048,4.7641,176.0,220.0,217.6594,4.7278,185.0,227.0,208.5629,4.8474,174.036,218.107,1.5167,1.8684,23.4973,0.6693,0.3233,0.9519,2208.0,46.9894,1.0,7.0,5.0,6.0,20.0,217.0,1
image_591,117.5,40.9677,0.0,171.0,129.6044,38.7023,12.0,182.0,134.6136,42.8092,14.0,190.0,126.5562,39.8035,8.64,179.036,8.5795,17.6866,1584.3191,0.2707,0.0664,0.998,1408.0,37.5233,1.0,43.0,38.0,42.0,32.0,134.0,1
image_590,182.8312,34.3766,0.0,225.0,193.5679,31.1569,0.0,234.0,191.1662,42.9507,0.0,235.0,190.0838,33.0819,1.596,226.167,5.4527,10.9661,1094.4151,0.5725,0.0676,0.9913,17875.0,133.6974,1.0,34.0,26.0,23.0,15.0,193.0,1
image_589,198.4216,18.8182,0.0,241.0,209.07,18.9717,0.0,246.0,215.1075,18.605,0.0,253.0,206.5744,18.7282,1.026,242.271,5.2486,17.1272,350.7451,0.6616,0.2376,0.9768,5488.0,74.081,1.0,10.0,8.0,10.0,20.0,215.0,1
image_588,167.5129,33.7033,56.0,239.0,187.3188,32.7966,75.0,255.0,200.0485,32.1309,79.0,255.0,182.848,32.9478,69.775,249.917,9.8705,9.8104,1085.5588,0.5309,0.1088,0.9978,618.0,24.8596,1.0,33.0,32.0,29.75,42.0,200.0,1
image_587,186.0935,21.8865,136.0,232.0,196.8526,16.3456,149.0,237.0,202.1234,13.3112,152.0,240.0,194.2365,17.5591,146.025,235.847,7.2042,7.2965,308.3206,0.5849,0.0882,0.9844,2707.0,52.0288,1.0,42.0,29.0,22.0,20.0,202.0,1
image_580,167.8281,44.5499,41.0,255.0,155.7044,50.7738,34.0,237.0,152.4666,50.5285,42.0,236.0,158.9603,48.6117,37.005,240.427,27.9946,26.4584,2363.0961,0.4249,0.0529,0.9756,1123.0,33.5112,1.0,76.0,92.0,93.5,23.0,167.0,1
image_579,155.335,24.1056,41.0,219.0,173.9723,27.6031,39.0,220.0,190.335,28.9252,45.0,229.0,170.2651,26.4897,41.211,219.929,11.3737,16.3026,701.7026,0.4566,0.112,0.9713,1191.0,34.5109,1.0,24.0,24.0,22.0,47.0,190.0,1
image_578,157.4977,33.0009,46.0,245.0,162.6188,31.6495,45.0,243.0,168.5587,27.8359,53.0,253.0,161.7647,31.512,46.211,244.14,15.0153,17.16,993.0065,0.4177,0.1252,0.9899,1065.0,32.6343,1.0,27.0,28.0,27.0,17.0,168.0,1
image_577,181.3318,51.107,24.0,252.0,183.2664,47.9097,33.0,248.0,179.7604,48.6822,30.0,247.0,182.2883,48.8411,29.967,248.153,19.5156,20.796,2385.4548,0.5477,0.0533,0.9955,672.0,25.923,1.0,77.0,71.0,62.25,6.0,183.0,1
image_574,203.8425,9.2299,98.0,213.0,211.5813,10.3607,95.0,218.0,217.2725,10.5224,102.0,225.0,209.9162,9.9965,96.695,216.961,1.7204,6.7087,99.9304,0.6792,0.3448,0.9839,800.0,28.2843,1.0,4.0,4.0,5.0,16.0,217.0,1
image_573,205.1449,4.3075,185.0,212.0,214.0678,4.1368,191.0,222.0,219.835,4.5087,194.0,229.0,212.0573,4.0648,189.847,218.879,1.7159,2.3093,16.5225,0.6918,0.3795,0.8674,1194.0,34.5543,1.0,5.0,4.0,3.0,16.0,219.0,1
image_570,122.9863,85.0043,0.0,214.0,136.4522,93.8948,0.0,230.0,145.8348,98.7727,0.0,242.0,133.4955,91.7584,0.0,224.139,14.0602,40.2737,8419.6081,0.4035,0.0139,0.9987,2415.0,49.1426,1.0,182.0,200.0,211.0,40.0,145.0,1
image_569,133.9288,30.1339,14.0,176.0,146.2746,26.2972,38.0,187.0,150.9283,32.0857,22.0,195.0,143.1137,28.0208,29.0,184.395,7.5495,14.882,785.1656,0.3271,0.1034,0.9949,1981.0,44.5084,1.0,31.0,26.0,26.0,29.0,150.0,1
image_568,53.5333,29.5388,0.0,131.0,77.5604,27.4006,4.0,151.0,63.9532,34.0266,1.0,152.0,68.8251,28.5247,2.918,143.846,15.9459,17.9446,813.66,0.0854,0.0935,0.988,555.0,23.5584,1.0,41.0,37.0,41.5,79.0,77.0,1
image_567,52.6862,19.2716,7.0,181.0,111.7422,18.607,52.0,201.0,185.6546,19.1308,27.0,244.0,102.5105,17.7386,44.17,196.205,10.0277,9.1296,314.6583,0.1664,0.1315,0.9173,9192.0,95.8749,1.0,22.0,23.0,17.0,183.0,185.0,1
image_630,130.9862,31.5746,17.0,255.0,124.208,31.2749,15.0,254.0,111.3243,32.8441,0.0,233.0,124.7659,31.3063,14.23,251.563,16.9189,18.2584,980.0828,0.2545,0.0992,0.9744,26266.0,162.0679,1.0,37.0,40.0,43.0,37.0,130.0,1
image_629,124.5403,29.631,16.0,255.0,116.6256,28.6945,3.0,252.0,104.9952,29.176,0.0,248.0,117.6662,28.704,6.545,251.843,17.0152,18.0835,823.9213,0.2256,0.108,0.96,12404.0,111.3732,1.0,32.0,31.0,32.0,41.0,124.0,1
image_628,144.4549,36.0048,9.0,250.0,142.5102,37.9028,11.0,249.0,135.4939,38.2568,10.0,244.0,142.2918,37.2796,10.288,248.729,16.8577,21.9369,1389.7662,0.3327,0.1029,0.9925,2695.0,51.9134,1.0,32.0,32.0,34.0,16.0,144.0,1
image_621,138.8959,32.7378,6.0,255.0,133.2681,32.1479,3.0,251.0,121.3752,34.0847,0.0,242.0,133.595,32.3432,3.555,251.17,16.9457,18.5288,1046.0822,0.2906,0.1207,0.9844,15337.0,123.8426,1.0,27.0,27.0,30.0,31.0,138.0,1
image_620,139.259,30.9365,34.0,255.0,127.9708,27.8692,26.0,250.0,114.8571,27.9535,8.0,236.0,129.851,28.2619,26.91,249.899,17.9836,19.4212,798.7371,0.2716,0.1098,0.9297,5753.0,75.8485,1.0,35.0,29.0,28.0,46.0,139.0,1
image_615,158.0818,23.4811,105.0,249.0,148.0095,24.7538,89.0,239.0,133.3885,25.3706,73.0,227.0,149.3543,24.3927,91.96,240.622,16.7605,16.8321,595.0032,0.3522,0.1083,0.9924,1784.0,42.2374,1.0,32.0,33.25,33.0,40.0,158.0,1
image_611,141.4196,51.5559,0.0,247.0,135.1546,49.943,0.0,255.0,123.596,47.6422,0.0,255.0,135.7102,50.0821,0.0,250.978,21.0174,27.9304,2508.2131,0.3218,0.091,0.9952,1604.0,40.05,1.0,45.0,44.25,45.0,33.0,141.0,1
image_610,117.2743,30.5026,50.0,239.0,110.2669,27.9913,52.0,235.0,98.4701,25.8513,44.0,224.0,111.0173,28.3922,51.017,234.942,16.5508,18.9832,806.1188,0.2019,0.1043,0.9916,2825.0,53.1507,1.0,36.0,33.0,31.0,41.0,117.0,1
image_607,200.3333,6.105,188.0,222.0,209.8033,4.1521,201.0,222.0,213.3279,5.8638,201.0,227.0,207.3736,4.316,198.025,221.06,2.2819,2.4914,18.6276,0.6616,0.3424,0.7631,183.0,13.5277,1.0,8.5,5.0,7.0,16.0,213.0,1
image_606,198.735,35.5626,107.0,255.0,216.4117,17.6779,93.0,255.0,223.891,17.0934,79.0,255.0,211.979,20.6,98.281,255.0,9.8832,10.807,424.3588,0.6976,0.1512,0.7622,2147.0,46.3357,1.0,39.5,20.0,24.0,29.0,223.0,1
image_605,209.2832,30.7748,42.0,235.0,230.4113,29.0561,68.0,252.0,241.1669,30.0849,67.0,255.0,225.3201,29.6464,60.112,246.661,7.7864,19.0031,878.9067,0.7943,0.1567,0.9968,671.0,25.9037,1.0,13.0,11.0,8.0,34.0,241.0,1
image_600,209.4193,21.2385,111.0,248.0,205.264,19.9051,116.0,243.0,198.9348,18.3704,112.0,237.0,205.7849,20.0589,114.049,243.811,10.7524,10.1797,402.3611,0.6574,0.1093,0.991,966.0,31.0805,1.0,29.0,28.0,25.0,13.0,209.0,1
image_598,99.3007,35.7026,0.0,166.0,117.9763,37.7761,14.0,189.0,130.1151,46.5474,9.0,207.0,113.7761,38.0818,9.244,184.175,11.0886,13.7086,1450.221,0.2214,0.0668,0.9972,1520.0,38.9872,1.0,47.0,51.0,63.0,61.0,130.0,1
image_597,154.5829,18.9081,63.0,191.0,164.9626,19.1608,74.0,201.0,171.492,18.9518,78.0,208.0,162.6034,18.9915,71.167,198.238,11.9958,11.1822,360.6763,0.4122,0.1265,0.9871,187.0,13.6748,1.0,24.0,24.5,24.0,25.0,171.0,1
image_596,78.1739,51.6589,0.0,240.0,127.0742,27.4111,28.0,195.0,168.913,26.943,62.0,235.0,117.2227,30.5316,23.504,207.885,10.7659,11.9523,932.1776,0.2257,0.0759,0.6968,1495.0,38.6652,1.0,42.0,45.0,30.0,137.0,168.0,1
image_593,201.2837,6.5612,135.0,208.0,210.8751,6.6698,140.0,217.0,216.874,6.8225,146.0,224.0,208.6912,6.6012,139.189,215.107,1.0371,1.7023,43.5757,0.6704,0.3818,0.9679,913.0,30.2159,1.0,4.0,3.0,5.0,18.0,216.0,1
image_667,151.0526,43.2331,3.0,245.0,144.417,44.1198,0.0,225.0,129.614,47.6271,0.0,216.0,144.7135,43.9763,0.897,228.096,20.6438,24.3181,1933.914,0.3518,0.0431,0.9818,13889.0,117.8516,1.0,71.0,79.0,86.0,37.0,151.0,1
image_666,114.1076,43.4992,31.0,237.0,108.926,42.3309,26.0,224.0,93.6523,43.9349,0.0,208.0,108.7341,42.6584,26.041,225.721,20.5636,20.5958,1819.7406,0.2098,0.0595,0.9908,6741.0,82.1036,1.0,68.0,63.0,64.0,47.0,114.0,1
image_665,162.7853,35.1229,0.0,254.0,168.9388,40.6649,9.0,255.0,164.2857,45.4903,4.0,255.0,166.5684,38.8527,10.527,254.131,14.9741,19.0529,1509.531,0.4499,0.063,0.9291,9308.0,96.478,1.0,44.0,66.0,81.0,9.0,168.0,1
image_659,151.9262,28.3882,82.0,249.0,139.9754,29.0505,76.0,232.0,126.3726,29.4957,42.0,214.0,141.998,28.8291,73.918,235.031,17.0864,19.7194,831.1186,0.3229,0.1158,0.9934,569.0,23.8537,1.0,32.0,32.0,30.0,42.0,151.0,1
image_657,118.0482,37.976,28.0,193.0,113.4605,35.6297,30.0,184.0,97.2061,38.0073,9.0,169.0,112.9793,36.5592,27.008,184.981,26.8249,25.5866,1336.5722,0.2169,0.0528,0.9961,228.0,15.0997,1.0,68.25,63.25,70.0,45.0,118.0,1
image_656,127.0092,38.4228,3.0,255.0,117.2775,36.0138,2.0,248.0,103.0,36.9927,0.0,232.0,118.5596,36.2517,2.071,247.471,18.8779,19.4497,1314.1839,0.2364,0.1069,0.945,14173.0,119.0504,1.0,38.0,34.0,40.0,48.0,127.0,1
image_655,131.8975,35.042,14.0,255.0,115.0322,31.3697,0.0,254.0,96.7938,32.8048,0.0,243.0,117.9958,31.7068,4.186,253.045,19.0925,19.5854,1005.3239,0.2296,0.1074,0.8965,22645.0,150.4826,1.0,42.0,33.0,37.0,68.0,131.0,1
image_654,130.9496,25.582,40.0,225.0,124.4318,24.7153,36.0,210.0,108.5951,25.6737,19.0,193.0,124.5753,24.9604,37.329,212.319,17.9815,17.37,623.024,0.2482,0.1273,0.9901,3749.0,61.2291,1.0,27.0,26.0,28.0,43.0,130.0,1
image_651,123.0504,35.8758,42.0,242.0,116.741,33.7848,39.0,234.0,101.0688,35.2228,17.0,223.0,116.8408,34.1513,38.97,235.138,19.8141,17.8004,1166.3131,0.2279,0.0833,0.9626,1687.0,41.0731,1.0,56.0,50.0,49.0,46.0,123.0,1
image_650,153.3164,39.0082,8.0,255.0,129.7591,31.1754,15.0,230.0,108.6686,33.6419,0.0,217.0,134.3984,32.6141,11.197,229.187,19.4338,17.4364,1063.6788,0.2941,0.092,0.8717,5259.0,72.519,1.0,49.0,39.0,45.0,75.0,153.0,1
image_649,122.8695,54.3982,39.0,255.0,120.8817,51.3626,41.0,255.0,113.339,49.6297,25.0,240.0,120.6162,51.9478,41.69,253.29,16.9551,20.1888,2698.5787,0.2652,0.0543,0.9968,2773.0,52.6593,1.0,76.0,68.0,69.0,19.0,122.0,1
image_643,138.7015,40.8967,17.0,254.0,132.996,40.5935,10.0,236.0,122.6852,40.4208,2.0,230.0,133.5265,40.4925,11.181,239.883,15.8456,18.3465,1639.6421,0.2994,0.0937,0.9881,9881.0,99.4032,1.0,38.0,37.0,37.0,30.0,138.0,1
image_642,132.2503,41.4153,18.0,255.0,123.8725,39.8721,4.0,255.0,109.4579,40.4617,0.0,248.0,124.7342,40.0807,7.73,254.202,20.3506,22.2618,1606.4608,0.264,0.0935,0.9773,24907.0,157.8195,1.0,43.0,42.0,46.0,44.0,132.0,1
image_641,144.5734,36.3046,15.0,255.0,137.9135,35.9986,13.0,255.0,126.5189,37.2374,1.0,250.0,138.6058,35.9634,13.327,254.088,16.3241,18.107,1293.3667,0.3153,0.0846,0.9763,31953.0,178.754,1.0,43.0,45.0,48.0,32.0,144.0,1
image_640,142.4285,30.6461,22.0,255.0,138.5678,30.7355,22.0,255.0,126.0645,32.1195,0.0,244.0,138.2968,30.728,19.492,253.746,16.1667,18.1443,944.2081,0.3087,0.1125,0.9863,2929.0,54.1202,1.0,35.0,33.0,33.0,29.0,142.0,1
image_631,137.2706,36.1206,17.0,255.0,132.1046,35.965,12.0,254.0,122.4565,37.4435,0.0,251.0,132.5493,36.0688,12.811,253.615,16.6843,18.9052,1300.959,0.2902,0.0873,0.9928,20508.0,143.2061,1.0,39.0,38.0,40.0,28.0,137.0,1
image_694,114.2458,37.8426,16.0,250.0,109.8207,36.0717,15.0,241.0,98.3131,35.7182,0.0,227.0,109.8319,36.3436,13.589,241.198,16.0704,18.6699,1320.8549,0.2058,0.102,0.9847,6419.0,80.1187,1.0,43.0,38.0,40.0,36.0,114.0,1
image_693,123.65,29.5228,14.0,255.0,117.2504,28.5968,4.0,254.0,104.1057,28.387,0.0,236.0,117.6654,28.7362,6.534,252.247,12.9463,15.1061,825.771,0.2256,0.1278,0.9932,11847.0,108.8439,1.0,26.0,25.0,27.0,39.0,123.0,1
image_692,130.5455,38.9387,7.0,255.0,120.9609,38.9687,8.0,255.0,103.4298,40.0372,0.0,248.0,121.8282,38.8213,7.131,253.974,17.7462,19.5951,1507.0929,0.2514,0.0984,0.9867,17942.0,133.9478,1.0,39.0,40.0,43.0,53.0,130.0,1
image_687,131.0595,33.6444,40.0,198.0,125.0694,31.4174,42.0,190.0,108.8414,30.0908,29.0,178.0,125.0104,31.8748,39.92,190.426,15.3957,16.2497,1016.0005,0.256,0.1135,0.9953,706.0,26.5707,1.0,34.0,32.0,31.75,45.0,131.0,1
image_686,132.4991,31.1562,24.0,247.0,123.9097,32.1453,33.0,242.0,108.627,32.3916,5.0,228.0,124.7357,31.6433,32.247,240.959,14.5551,17.3271,1001.2973,0.2547,0.1074,0.9835,5348.0,73.13,1.0,30.0,29.0,30.0,46.0,132.0,1
image_685,115.555,46.2928,22.0,255.0,109.2613,40.0066,19.0,250.0,93.2996,36.3038,0.0,237.0,109.3235,40.5059,19.426,250.013,18.1274,19.0059,1640.7257,0.209,0.0872,0.9694,5982.0,77.3434,1.0,54.0,46.0,48.0,49.0,115.0,1
image_684,140.9778,38.2194,36.0,254.0,134.4135,39.1783,24.0,242.0,122.7214,43.8989,7.0,251.0,135.0434,38.1534,25.992,243.992,14.7301,17.4652,1455.6857,0.3028,0.0823,0.8715,7617.0,87.2754,1.0,50.0,47.0,50.0,33.0,140.0,1
image_683,115.0268,37.5925,18.0,255.0,109.3325,34.9646,22.0,251.0,95.0779,34.4001,0.0,243.0,109.41,35.5008,18.296,251.17,13.7508,16.6332,1260.3039,0.2035,0.1099,0.988,6467.0,80.4177,1.0,33.0,33.0,32.0,44.0,115.0,1
image_682,177.1836,24.1176,80.0,253.0,185.7035,26.48,71.0,255.0,169.4733,23.7706,58.0,245.0,181.3058,24.943,73.704,252.365,13.3609,15.8963,622.1548,0.5151,0.0931,0.9281,2337.0,48.3425,1.0,27.0,33.0,32.0,22.0,185.0,1
image_681,182.7054,18.2795,71.0,236.0,210.6816,13.4641,128.0,250.0,218.6099,11.8203,136.0,250.0,203.2206,14.3305,116.024,245.814,8.0771,8.3444,205.3621,0.6383,0.17,0.9231,4253.0,65.215,1.0,20.0,15.0,13.0,42.0,218.0,1
image_675,133.2811,37.3059,39.0,255.0,126.4567,36.5865,36.0,254.0,115.2217,37.306,0.0,241.0,127.2164,36.6976,35.97,251.432,16.122,18.8805,1346.7153,0.2696,0.079,0.9847,4276.0,65.3911,1.0,45.0,40.0,40.0,35.0,133.0,1
image_674,144.6361,36.7318,33.0,255.0,126.9791,33.6013,12.0,250.0,109.4674,34.256,0.0,228.0,130.2622,33.6006,18.705,248.759,17.5209,17.434,1128.9973,0.2783,0.0959,0.8927,20192.0,142.0986,1.0,46.0,36.0,38.0,62.0,144.0,1
image_673,130.0066,34.2124,17.0,255.0,118.6361,32.1128,12.0,244.0,103.5064,31.987,0.0,232.0,120.3111,32.4767,13.024,245.921,16.4602,17.4531,1054.7336,0.2388,0.1085,0.9757,15970.0,126.3725,1.0,32.0,33.0,35.0,53.0,130.0,1
image_672,157.7194,36.5377,20.0,255.0,149.2813,35.7906,15.0,251.0,135.0329,41.1658,0.0,239.0,150.18,36.3146,14.785,250.828,21.2733,21.7681,1318.7469,0.3671,0.0906,0.9731,4077.0,63.8514,1.0,44.0,44.0,53.0,36.0,157.0,1
image_670,120.8982,36.8138,35.0,254.0,113.5671,36.8387,29.0,234.0,101.6362,35.741,17.0,228.0,114.399,36.2861,30.622,236.605,21.0849,20.8781,1316.6814,0.2215,0.0796,0.9765,3546.0,59.5483,1.0,41.0,46.0,52.0,40.0,120.0,1
image_668,169.5453,44.3271,24.0,255.0,159.5934,46.027,15.0,255.0,143.8961,47.9874,0.0,241.0,160.7795,45.3492,15.981,253.176,18.6855,23.1753,2056.5519,0.4292,0.0454,0.9706,8841.0,94.0266,1.0,70.0,80.0,83.0,39.0,169.0,1
image_720,133.793,32.628,23.0,225.0,122.5688,28.3656,18.0,217.0,103.9974,29.4346,3.0,209.0,123.8077,29.3857,18.811,216.088,14.7576,17.0842,863.5199,0.249,0.099,0.9686,3024.0,54.9909,1.0,40.25,32.0,31.0,58.0,133.0,1
image_719,213.5069,35.2317,69.0,255.0,212.4344,36.355,60.0,255.0,201.69,36.2892,51.0,245.0,211.5302,35.9414,61.665,253.262,12.5479,13.1715,1291.7845,0.708,0.0866,0.9957,1158.0,34.0294,1.0,24.0,26.0,33.0,14.0,213.0,1
image_714,152.2401,36.296,52.0,254.0,147.7991,36.6777,49.0,247.0,136.7447,37.1673,33.0,237.0,147.8668,36.5365,48.97,247.953,20.8116,19.5184,1334.9181,0.3568,0.069,0.9941,1837.0,42.8602,1.0,51.0,54.0,57.0,27.0,152.0,1
image_713,151.9878,28.3493,23.0,236.0,147.2546,28.0404,20.0,238.0,137.8628,28.7525,13.0,233.0,147.5992,28.0913,20.099,236.832,13.2869,14.9009,789.1214,0.3472,0.0854,0.9837,2537.0,50.3686,1.0,40.0,39.0,40.0,24.0,151.0,1
image_712,117.7158,46.2291,36.0,223.0,87.8145,33.0096,34.0,173.0,66.9425,26.7003,16.0,149.0,94.3756,35.8054,35.088,184.018,18.5031,19.9763,1282.0243,0.1567,0.0584,0.96,922.0,30.3645,1.0,82.75,57.0,40.0,111.0,117.0,1
image_711,134.5795,40.8008,27.0,246.0,128.768,42.2763,20.0,243.0,117.2257,43.6989,2.0,234.0,129.1898,41.9289,20.041,242.871,20.9465,20.842,1758.0362,0.2837,0.0836,0.9967,2716.0,52.1153,1.0,46.25,46.0,47.25,32.0,134.0,1
image_710,135.547,36.1895,26.0,255.0,128.8705,37.8816,19.0,248.0,115.6537,39.5058,10.0,227.0,129.36,37.4773,20.181,247.699,13.8446,17.2908,1404.5443,0.2789,0.0872,0.9941,7095.0,84.2318,1.0,45.0,48.0,52.0,38.0,135.0,1
image_709,138.8584,39.6975,31.0,255.0,132.9666,40.8624,25.0,253.0,120.0113,43.8189,0.0,252.0,133.2513,40.6508,25.705,252.288,20.0737,22.0628,1652.4883,0.2985,0.0695,0.9886,8948.0,94.5939,1.0,53.0,59.0,67.0,33.0,138.0,1
image_708,137.3833,30.7507,87.0,255.0,126.7941,31.1707,72.0,248.0,110.5667,29.6936,53.0,226.0,128.1103,30.8203,74.319,247.585,14.4217,18.1145,949.8892,0.267,0.0895,0.9954,1821.0,42.6732,1.0,24.0,24.0,24.0,50.0,137.0,1
image_706,121.5213,30.5737,23.0,255.0,118.8471,27.5194,16.0,249.0,115.675,37.4359,0.0,243.0,119.2851,27.2087,16.269,248.286,16.2061,18.4145,740.3148,0.2302,0.1271,0.8229,7450.0,86.3134,1.0,30.0,26.0,40.0,13.0,121.0,1
image_705,130.9934,35.4019,27.0,255.0,122.9737,33.6195,18.0,248.0,108.3657,35.7364,1.0,238.0,123.7063,33.4744,18.753,248.725,17.694,19.9679,1120.5326,0.2526,0.0968,0.9558,9329.0,96.5867,1.0,39.0,40.0,38.0,43.0,130.0,1
image_704,135.0057,41.0389,19.0,255.0,125.8494,38.9362,19.0,240.0,111.0468,40.8582,0.0,238.0,126.8996,38.2038,18.843,242.762,14.2543,16.1526,1459.5285,0.2701,0.0868,0.9322,9973.0,99.8649,1.0,46.0,48.0,49.0,45.0,135.0,1
image_703,140.2228,34.1279,29.0,255.0,131.6786,35.6397,21.0,255.0,112.8526,36.4277,8.0,242.0,132.0871,34.7195,21.91,253.29,12.9027,15.9457,1205.4446,0.2869,0.0839,0.9622,14560.0,120.6648,1.0,36.0,39.0,41.0,51.0,140.0,1
image_702,138.3479,42.4946,24.0,255.0,135.3641,41.2963,22.0,255.0,120.4728,43.8926,9.0,240.0,134.5587,41.1604,21.116,253.176,18.9664,18.8646,1694.1797,0.3045,0.082,0.9774,1601.0,40.0125,1.0,47.0,48.0,66.0,33.0,138.0,1
image_700,151.0188,25.7143,84.0,225.0,148.059,25.6249,81.0,218.0,138.9812,25.7344,72.0,208.0,147.9091,25.6383,80.871,218.953,14.0465,14.6563,657.3215,0.3466,0.0936,0.9962,373.0,19.3132,1.0,38.0,40.0,38.0,22.0,151.0,1
image_695,171.2586,34.1001,38.0,255.0,151.1581,39.1507,29.0,253.0,132.3387,45.1279,14.0,238.0,155.0228,37.027,29.981,251.546,16.0703,17.2527,1370.9992,0.3907,0.0857,0.8657,3345.0,57.836,1.0,36.0,53.0,71.0,58.0,171.0,1
image_742,137.2922,38.8315,65.0,255.0,132.4095,39.1239,66.0,254.0,111.7237,46.1503,26.0,244.0,131.5113,39.7277,61.141,252.931,14.155,18.187,1578.2913,0.2903,0.108,0.9936,503.0,22.4277,1.0,39.5,35.0,42.0,48.0,137.0,1
image_741,122.4528,33.1574,13.0,255.0,117.2185,31.1486,14.0,251.0,105.8755,30.9029,5.0,236.0,117.4904,31.4813,13.729,250.187,14.8146,18.0007,991.0699,0.2275,0.1086,0.9846,10363.0,101.7988,1.0,35.0,33.0,30.0,36.0,122.0,1
image_740,114.014,29.3942,30.0,255.0,107.3399,28.5951,28.0,254.0,92.0505,29.4603,0.0,241.0,107.5925,28.6665,28.426,252.817,14.357,15.8664,821.7696,0.1907,0.1161,0.9744,10048.0,100.2397,1.0,31.0,29.0,30.0,49.0,114.0,1
image_739,121.5928,38.7578,18.0,255.0,117.3372,39.8373,19.0,254.0,107.0589,42.6862,0.0,255.0,117.4379,39.3798,17.122,253.273,15.6637,18.6248,1550.7659,0.2359,0.0922,0.9687,13441.0,115.9353,1.0,43.0,42.0,46.0,30.0,121.0,1
image_738,149.5471,32.3654,34.0,255.0,141.5307,34.6587,22.0,252.0,128.0169,36.4264,4.0,237.0,142.387,33.8978,23.992,251.073,15.0446,17.2546,1149.0575,0.3295,0.0854,0.9723,12907.0,113.609,1.0,42.0,46.0,46.0,36.0,149.0,1
image_737,149.1931,39.2417,27.0,255.0,140.9568,38.8225,18.0,249.0,126.8959,34.1985,0.0,242.0,141.8165,38.1346,18.753,249.996,15.4923,18.5398,1454.2441,0.3317,0.0711,0.9915,11221.0,105.9292,1.0,46.0,49.0,47.0,39.0,149.0,1
image_736,136.545,29.2796,48.0,246.0,128.7997,28.5675,37.0,236.0,115.1873,28.184,19.0,218.0,129.5637,28.5172,39.605,236.14,15.1291,17.1086,813.2298,0.2707,0.1007,0.9881,3070.0,55.4076,1.0,28.0,27.0,31.0,39.0,136.0,1
image_731,149.8109,23.5853,42.0,255.0,142.4698,23.0434,32.0,255.0,129.7783,23.9891,7.0,244.0,143.2179,23.0154,32.14,253.746,14.1671,14.7407,529.7073,0.3236,0.0994,0.9603,1967.0,44.3509,1.0,33.0,31.0,32.0,34.0,149.0,1
image_730,132.4406,52.5065,25.0,255.0,119.0764,47.1441,15.0,248.0,94.8577,41.2418,0.0,234.0,120.3114,47.307,16.622,248.497,21.0212,23.8376,2237.956,0.257,0.0738,0.9784,7514.0,86.6833,1.0,71.0,59.0,50.0,73.0,132.0,1
image_729,170.6973,47.891,28.0,255.0,158.6888,46.3565,20.0,246.0,128.4324,45.5273,0.0,241.0,158.8301,44.9776,20.71,245.465,16.7408,20.6778,2022.9812,0.4191,0.0451,0.9582,5296.0,72.7736,1.0,89.0,85.0,60.0,63.0,170.0,1
image_728,123.2945,27.0035,32.0,255.0,115.1778,26.1955,22.0,249.0,101.5199,26.3203,12.0,239.0,116.0477,26.1974,23.964,249.654,14.4549,16.5735,686.3024,0.2177,0.1223,0.9816,6653.0,81.5659,1.0,27.0,27.0,28.0,46.0,123.0,1
image_725,132.7851,26.8107,25.0,252.0,126.6253,25.8141,19.0,240.0,113.8153,27.2083,0.0,226.0,127.0068,26.1867,19.426,241.992,14.7914,16.4796,685.7443,0.2586,0.1223,0.992,7807.0,88.3572,1.0,28.0,27.0,28.0,37.0,132.0,1
image_724,129.3641,36.8102,25.0,255.0,122.36,34.5608,18.0,255.0,111.6896,34.8995,3.0,255.0,123.2378,34.4381,21.16,252.361,18.6197,20.32,1185.98,0.2518,0.1005,0.9594,14818.0,121.7292,1.0,41.0,37.0,39.0,36.0,129.0,1
image_723,110.7506,29.9476,18.0,255.0,102.7083,27.3771,7.0,251.0,88.1242,28.8128,0.0,231.0,103.4504,27.7155,17.432,249.46,15.3925,17.4514,768.1512,0.1764,0.1179,0.9437,15511.0,124.5432,1.0,30.0,29.0,33.0,51.0,110.0,1
image_722,141.0607,32.7815,21.0,255.0,135.7309,34.6639,18.0,254.0,123.821,36.6428,0.0,254.0,135.9668,33.7543,16.959,253.615,14.9194,18.2697,1139.3501,0.3018,0.0911,0.9559,18887.0,137.43,1.0,36.0,39.0,43.0,33.0,141.0,1
image_721,140.7246,37.6369,11.0,255.0,134.9485,36.8119,2.0,253.0,121.9566,36.8902,0.0,239.0,135.1945,36.8379,4.463,252.002,18.7147,21.204,1357.034,0.302,0.0979,0.9876,8907.0,94.3769,1.0,41.0,40.0,44.0,35.0,140.0,1
image_764,128.8141,44.7197,16.0,255.0,122.0098,39.7963,21.0,254.0,107.0675,32.7506,0.0,248.0,122.3409,39.9342,19.961,253.615,17.5996,18.4618,1594.7433,0.2547,0.0943,0.9836,3465.0,58.8643,1.0,46.0,43.0,41.0,42.0,128.0,1
image_763,112.5533,34.3225,23.0,255.0,102.9465,30.7323,26.0,251.0,84.9671,32.1788,0.0,227.0,103.7693,31.559,22.709,249.46,16.3757,18.1063,995.9695,0.1809,0.0989,0.9646,2615.0,51.1371,1.0,39.5,34.5,37.0,64.0,112.0,1
image_761,158.8799,43.7215,28.0,255.0,152.2349,44.3319,27.0,255.0,140.3554,44.1722,15.0,246.0,152.8675,43.9517,26.729,253.746,18.8877,20.6195,1931.7557,0.3891,0.0678,0.9851,4811.0,69.3614,1.0,61.0,59.0,60.0,29.0,158.0,1
image_760,168.6321,33.2169,52.0,255.0,163.4735,33.6739,43.0,255.0,147.5418,34.8357,9.0,248.0,163.1997,33.3736,43.908,254.202,16.86,17.9332,1113.8002,0.4267,0.0765,0.9883,3789.0,61.5549,1.0,47.0,48.0,50.0,32.0,168.0,1
image_759,156.2255,40.184,25.0,255.0,138.7402,31.3333,3.0,239.0,119.6779,30.3828,0.0,218.0,141.7952,33.0317,13.123,240.706,14.1901,14.3873,1091.0927,0.326,0.084,0.92,6864.0,82.8493,1.0,54.0,41.0,38.0,60.0,156.0,1
image_758,119.178,29.2533,50.0,206.0,105.398,26.6965,43.0,191.0,90.074,25.2504,34.0,179.0,107.7713,27.141,45.861,193.22,16.9347,16.5977,736.6348,0.1899,0.1134,0.979,500.0,22.3607,1.0,39.0,32.0,30.0,62.0,119.0,1
image_756,183.0321,43.8212,74.0,255.0,181.5165,46.4883,73.0,255.0,173.7603,49.2589,68.0,253.0,181.0855,45.986,72.729,254.772,12.0936,17.4591,2114.7147,0.5368,0.0319,0.9989,2962.0,54.4243,1.0,86.0,92.0,99.0,14.0,183.0,1
image_755,120.7167,31.3654,13.0,231.0,117.1189,30.2546,11.0,222.0,103.7564,34.188,0.0,211.0,116.6713,30.7016,10.344,221.157,16.6054,15.8747,942.5876,0.2238,0.0918,0.977,5965.0,77.2334,1.0,40.0,41.0,49.0,36.0,120.0,1
image_754,132.5311,38.3201,14.0,255.0,124.753,39.4095,12.0,255.0,110.8669,41.0671,0.0,250.0,125.4956,39.1119,11.23,254.43,24.2774,23.4871,1529.7422,0.2657,0.0835,0.9875,3502.0,59.1777,1.0,44.0,47.0,53.0,43.0,132.0,1
image_753,126.0056,47.9332,18.0,255.0,119.7238,47.1475,22.0,253.0,105.839,49.1127,0.0,246.0,120.0192,47.444,18.296,252.088,14.1805,15.9327,2250.9348,0.2561,0.0766,0.9898,12098.0,109.9909,1.0,49.0,45.0,47.0,43.0,126.0,1
image_752,129.4301,37.2055,1.0,255.0,120.1658,35.1613,1.0,252.0,102.2492,30.5406,0.0,234.0,120.8933,35.0251,0.886,250.275,14.9986,17.988,1226.7578,0.2436,0.112,0.9943,12226.0,110.5712,1.0,28.0,28.0,27.0,53.0,129.0,1
image_751,135.5681,31.2795,26.0,255.0,119.7576,30.9194,21.0,255.0,103.6179,34.1541,0.0,248.0,122.645,30.7937,22.792,254.202,20.9139,21.3805,948.2492,0.2459,0.0932,0.9294,4925.0,70.1783,1.0,36.0,39.0,43.0,60.0,135.0,1
image_747,138.1698,41.4368,39.0,255.0,131.6232,39.6051,37.0,255.0,118.5308,38.0325,18.0,248.0,132.0881,39.8525,38.789,253.632,16.1541,20.0834,1588.2217,0.2927,0.0906,0.9921,2532.0,50.319,1.0,45.0,41.0,36.0,37.0,138.0,1
image_746,149.6721,43.2385,43.0,255.0,131.9635,45.3251,38.0,247.0,110.896,47.2631,14.0,234.0,134.8567,44.258,39.009,247.91,19.4045,23.6175,1958.7695,0.3098,0.0764,0.94,1644.0,40.5463,1.0,56.0,55.0,59.0,67.0,149.0,1
image_745,135.9322,55.8205,28.0,255.0,128.8897,56.2444,27.0,254.0,113.8209,54.2251,0.0,243.0,129.2775,55.7393,26.187,252.148,16.4943,17.667,3106.8653,0.3048,0.0494,0.9936,4187.0,64.707,1.0,96.5,94.0,83.5,42.0,135.0,1
image_744,112.6724,41.6638,25.0,250.0,108.5014,37.2124,20.0,252.0,98.0688,33.596,0.0,249.0,108.5592,38.0061,21.906,251.06,14.6127,18.1931,1444.4658,0.2035,0.0611,0.9929,4334.0,65.8331,1.0,74.0,64.0,55.0,32.0,112.0,1
image_788,140.2911,34.6737,59.0,245.0,131.4216,31.7374,59.0,238.0,117.0529,31.8116,28.0,234.0,132.4355,32.2404,59.226,237.843,16.8946,17.4818,1039.4434,0.2857,0.1337,0.9638,1058.0,32.5269,1.0,29.0,24.0,25.75,42.0,140.0,1
image_787,134.681,26.3149,44.0,238.0,125.6856,25.3932,40.0,231.0,110.6412,26.1832,18.0,212.0,126.6602,25.4211,40.981,230.927,18.2031,17.6771,646.2329,0.2567,0.1029,0.9617,3085.0,55.5428,1.0,36.0,33.0,35.0,46.0,134.0,1
image_786,104.24,29.3811,55.0,215.0,100.4533,28.1763,51.0,210.0,93.6133,27.6284,42.0,204.0,100.8058,28.4019,51.854,210.811,25.6347,25.5965,806.6673,0.1687,0.1175,0.993,75.0,8.6603,1.0,39.0,32.0,28.5,27.0,104.0,1
image_785,125.1764,33.5284,25.0,225.0,108.1619,28.0138,14.0,206.0,86.4888,29.2068,0.0,190.0,110.7785,29.1604,18.683,208.063,16.4013,16.5543,850.3299,0.2018,0.0915,0.9245,4286.0,65.4675,1.0,43.0,36.0,40.0,80.0,125.0,1
image_784,139.5434,13.5078,89.0,185.0,125.5402,12.6348,71.0,173.0,109.4341,12.8782,51.0,157.0,127.8911,12.7826,74.102,174.764,11.8961,11.1602,163.3953,0.254,0.1951,0.9565,311.0,17.6352,1.0,18.0,14.0,14.0,55.0,139.0,1
image_780,135.23,31.7045,18.0,255.0,131.332,31.4451,12.0,255.0,122.21,35.5935,0.0,255.0,131.4576,31.3325,12.426,253.632,17.471,21.9356,981.7253,0.2809,0.1201,0.9586,7325.0,85.5862,1.0,30.0,30.0,34.0,25.0,135.0,1
image_779,133.4202,28.7264,28.0,255.0,122.3229,28.2812,19.0,249.0,104.6996,29.1979,0.0,240.0,123.6319,28.373,20.992,249.084,13.6127,15.7995,805.028,0.2474,0.1261,0.988,12259.0,110.7204,1.0,26.0,26.0,25.0,56.0,133.0,1
image_778,125.8575,32.5371,16.0,255.0,114.6144,31.3628,17.0,255.0,95.8012,31.9615,0.0,255.0,115.8314,31.3976,18.992,252.131,15.7284,17.491,985.8094,0.2215,0.1126,0.9708,20640.0,143.6663,1.0,33.0,31.0,31.0,61.0,125.0,1
image_777,151.1329,41.7024,26.0,255.0,137.2166,42.4318,16.0,254.0,121.368,42.4208,2.0,255.0,139.5708,41.4677,19.687,252.843,18.4651,19.8936,1719.5699,0.326,0.0777,0.9634,6169.0,78.543,1.0,49.0,54.0,62.0,51.0,151.0,1
image_776,110.5792,37.5468,18.0,228.0,95.9799,31.2079,15.0,201.0,64.065,30.3723,0.0,171.0,96.7068,32.7497,14.187,205.653,17.8794,18.9145,1072.5452,0.1603,0.0717,0.9766,1939.0,44.0341,1.0,61.5,46.0,49.0,107.0,110.0,1
image_774,174.8505,41.1411,34.0,255.0,171.1684,43.0893,30.0,254.0,163.708,44.166,29.0,246.0,171.4189,42.5991,31.082,253.088,15.5891,20.4093,1814.687,0.4798,0.0367,0.9979,2435.0,49.3457,1.0,80.0,85.0,87.0,16.0,174.0,1
image_773,157.9338,44.7518,27.0,255.0,149.983,48.3716,25.0,251.0,137.1665,50.7529,16.0,239.0,150.8992,47.2587,25.327,250.828,16.5959,16.6201,2233.3816,0.3845,0.0515,0.9752,5591.0,74.773,1.0,74.0,84.0,90.0,32.0,157.0,1
image_772,185.0443,30.2736,82.0,249.0,177.9865,32.7768,70.0,241.0,164.7315,34.592,58.0,229.0,178.5857,32.0638,72.22,240.981,19.8317,20.5444,1028.0892,0.5063,0.0824,0.9801,812.0,28.4956,1.0,42.0,51.0,54.0,29.0,185.0,1
image_767,157.9063,53.8646,8.0,255.0,156.4496,56.1437,11.0,253.0,144.3743,58.7075,0.0,244.0,155.5086,55.5003,8.849,250.748,14.5861,18.5443,3080.2884,0.4193,0.0361,0.9858,10685.0,103.3683,1.0,96.0,104.0,110.0,21.0,157.0,1
image_766,141.8994,38.2322,23.0,255.0,126.3248,37.7723,23.0,250.0,112.7167,39.0545,0.0,240.0,129.4303,37.2768,23.0,249.785,14.0306,17.3202,1389.5577,0.279,0.0754,0.9094,17486.0,132.2346,1.0,61.0,47.0,45.0,52.0,141.0,1
image_765,146.271,39.7586,10.0,255.0,133.7737,38.2284,3.0,251.0,114.1031,39.498,0.0,220.0,135.268,38.289,4.751,248.662,16.0439,16.8599,1466.0455,0.3039,0.0887,0.948,7292.0,85.3932,1.0,50.0,43.0,45.0,56.0,146.0,1
image_808,148.6864,32.3087,26.0,255.0,129.8141,27.9978,19.0,255.0,105.2198,30.7867,0.0,246.0,132.6531,28.7199,19.041,253.974,18.7098,18.2831,824.8301,0.2833,0.1093,0.881,6120.0,78.2304,1.0,40.0,29.0,34.0,74.0,148.0,1
image_807,144.7958,32.1749,27.0,255.0,136.7437,31.4788,28.0,245.0,118.3395,32.9493,0.0,231.0,137.0532,31.6542,25.649,246.394,17.3079,18.0229,1001.9882,0.3043,0.0969,0.9901,5275.0,72.6292,1.0,36.0,38.0,38.5,46.0,144.0,1
image_805,126.2714,50.4129,20.0,255.0,117.5906,47.0554,14.0,251.0,95.1615,47.2919,0.0,238.0,117.6293,47.4878,14.497,250.372,18.1729,19.3158,2255.0893,0.2475,0.0628,0.964,6378.0,79.8624,1.0,86.0,72.0,61.0,63.0,126.0,1
image_804,104.8104,39.9358,32.0,255.0,96.0219,36.4743,28.0,255.0,80.0089,36.3402,8.0,247.0,96.8242,37.0431,29.665,254.088,23.0821,23.1302,1372.1948,0.1653,0.0787,0.9747,1234.0,35.1283,1.0,58.0,54.0,53.75,59.0,104.0,1
image_803,152.5247,53.1067,46.0,243.0,140.1779,50.6884,36.0,232.0,122.3814,45.8367,26.0,212.0,141.8408,50.8243,37.85,233.009,11.2443,12.9763,2583.1068,0.3491,0.0258,0.9983,1214.0,34.8425,1.0,103.0,97.75,88.0,50.0,152.0,1
image_802,124.6497,30.9826,33.0,255.0,100.9542,26.6722,27.0,255.0,85.2532,24.8198,0.0,250.0,106.2492,27.2014,28.665,254.43,12.2604,16.1924,739.9173,0.185,0.1159,0.9233,14354.0,119.8082,1.0,36.0,29.0,27.0,80.0,124.0,1
image_801,141.0235,32.1655,32.0,255.0,123.8,29.474,30.0,253.0,102.5744,28.886,0.0,234.0,126.5301,29.9244,28.808,251.432,12.2141,15.0028,895.4712,0.26,0.1268,0.9648,17677.0,132.9549,1.0,28.0,24.0,23.0,71.0,141.0,1
image_800,113.3535,45.8003,21.0,255.0,101.8471,38.6427,8.0,238.0,80.8611,34.0488,0.0,213.0,102.8951,40.0486,11.872,240.233,17.2368,18.9986,1603.8911,0.1875,0.0554,0.9886,5630.0,75.0333,1.0,78.0,64.0,52.0,74.0,113.0,1
image_798,120.0298,21.4084,39.0,202.0,109.3405,19.3618,38.0,190.0,93.055,22.3287,4.0,163.0,110.68,20.0053,35.107,186.223,15.2033,14.0755,400.2112,0.1945,0.1425,0.955,2147.0,46.3357,1.0,23.0,20.0,24.0,57.0,120.0,1
image_797,126.2524,34.1488,14.0,255.0,123.1022,37.2174,4.0,255.0,113.769,43.5384,0.0,255.0,122.9801,35.8884,6.534,254.017,17.4567,20.9013,1287.9795,0.2524,0.0864,0.9058,8368.0,91.4768,1.0,44.0,41.0,46.0,26.0,126.0,1
image_795,128.8513,44.6022,23.0,255.0,125.2376,43.341,25.0,254.0,109.8602,45.1671,0.0,247.0,124.565,43.4219,21.552,253.501,17.7432,19.4361,1885.4638,0.2676,0.0863,0.9674,13816.0,117.5415,1.0,51.0,50.0,53.0,38.0,128.0,1
image_794,122.5135,42.5132,19.0,255.0,114.3129,40.83,16.0,255.0,96.5823,40.8108,0.0,243.0,114.7436,41.0782,15.073,253.632,16.7561,18.6788,1687.4177,0.2284,0.0826,0.9884,17010.0,130.4224,1.0,57.0,55.0,54.0,54.0,122.0,1
image_793,120.3793,40.2117,26.0,250.0,111.3943,38.6866,18.0,242.0,89.7669,37.3379,0.0,223.0,111.6153,38.853,18.34,242.226,16.2167,18.9905,1509.5557,0.2148,0.0985,0.9895,3530.0,59.4138,1.0,52.0,47.0,45.0,66.0,120.0,1
image_792,194.0137,46.9376,35.0,255.0,185.6249,47.4548,33.0,255.0,169.2714,48.1438,9.0,252.0,186.2689,47.2719,32.871,254.245,13.9003,15.8995,2234.6303,0.5679,0.0729,0.9945,4322.0,65.7419,1.0,53.0,53.0,50.0,33.0,194.0,1
image_791,118.4809,30.5412,25.0,245.0,106.5046,27.0081,16.0,232.0,87.4436,25.1724,0.0,213.0,107.9126,27.7085,17.764,233.721,11.6004,14.6125,767.759,0.1909,0.1105,0.9901,8230.0,90.7193,1.0,31.0,27.0,27.0,67.0,118.0,1
image_790,147.1054,38.2509,27.0,255.0,124.6994,40.2338,16.0,250.0,99.8098,41.4991,0.0,225.0,128.5614,39.4548,20.754,248.645,13.9966,17.2428,1556.6802,0.2781,0.0918,0.9693,8001.0,89.4483,1.0,33.0,32.0,35.0,83.0,147.0,1
image_827,152.4727,28.413,21.0,255.0,149.8879,34.7562,32.0,254.0,142.4591,45.7692,26.0,248.0,149.8139,30.9224,29.167,253.615,17.5966,18.4197,956.193,0.3599,0.1139,0.5877,2274.0,47.6865,1.0,31.0,39.0,54.75,17.0,152.0,1
image_825,163.8846,36.6836,52.0,255.0,146.1806,35.674,47.0,254.0,117.476,39.3424,17.0,237.0,148.2018,35.7525,45.075,252.361,17.1523,16.7499,1278.2402,0.3574,0.0812,0.9272,1456.0,38.1576,1.0,59.0,56.0,63.0,72.0,163.0,1
image_824,135.6759,45.6156,15.0,254.0,127.7995,45.0675,13.0,248.0,109.9642,46.4679,0.0,234.0,128.1213,45.2604,12.116,248.198,16.8405,19.162,2048.5032,0.2839,0.0812,0.9923,11548.0,107.4616,1.0,51.0,50.0,52.0,49.0,135.0,1
image_823,137.0168,48.3572,20.0,253.0,137.7638,48.4195,20.0,252.0,125.6947,55.5714,4.0,250.0,136.1646,48.1922,19.187,252.071,18.1086,21.8444,2322.4889,0.3209,0.0534,0.9329,3692.0,60.7618,1.0,78.0,84.0,94.0,22.0,137.0,1
image_822,95.0767,35.5829,5.0,255.0,87.8984,31.3114,2.0,250.0,73.34,30.2904,0.0,238.0,88.385,32.2101,2.669,249.899,15.2815,17.2778,1037.4894,0.1361,0.0877,0.9853,4683.0,68.4324,1.0,51.0,44.0,43.0,59.0,95.0,1
image_820,108.5722,32.6642,22.0,231.0,101.7962,29.9008,22.0,226.0,84.4011,28.8976,0.0,217.0,101.8392,30.4153,19.492,226.17,15.4046,17.2047,925.0899,0.1737,0.0899,0.9876,6527.0,80.7899,1.0,46.0,43.0,41.0,57.0,108.0,1
image_818,141.5422,44.1562,22.0,255.0,136.9495,44.4405,22.0,255.0,129.608,45.5532,22.0,253.0,137.4858,44.1875,22.0,253.974,14.5893,17.5433,1952.5313,0.3207,0.0777,0.9861,5847.0,76.4657,1.0,42.0,38.0,39.0,22.0,141.0,1
image_817,127.7209,31.0422,22.0,255.0,104.892,30.5437,13.0,245.0,90.9312,30.1274,0.0,227.0,110.1263,30.0827,14.209,245.026,14.0629,19.0275,904.9663,0.2004,0.1162,0.9196,6815.0,82.553,1.0,25.0,30.0,29.0,74.0,127.0,1
image_816,142.2462,23.6033,40.0,255.0,129.0942,23.2752,30.0,255.0,111.9333,24.2081,5.0,233.0,131.0703,23.2255,30.14,251.808,13.348,14.5018,539.4232,0.2725,0.149,0.9692,6251.0,79.0633,1.0,23.0,20.0,20.0,56.0,142.0,1
image_815,109.499,40.651,16.0,255.0,100.2075,37.1034,5.0,248.0,88.5791,34.759,0.0,238.0,101.66,37.7828,7.719,248.383,16.0162,19.1489,1427.5422,0.1809,0.063,0.9907,10259.0,101.2867,1.0,66.0,57.0,50.0,49.0,109.0,1
image_814,153.0972,45.5972,15.0,255.0,142.7732,43.3327,0.0,250.0,124.813,44.4786,0.0,252.0,143.8126,43.7612,5.98,250.127,17.2484,19.4789,1915.0401,0.3475,0.0881,0.9855,11472.0,107.1074,1.0,50.0,48.0,56.0,48.0,153.0,1
image_813,162.7508,31.3741,41.0,255.0,181.7031,23.8481,46.0,253.0,184.8127,28.1396,40.0,251.0,176.3908,23.8387,43.821,249.067,12.5267,14.3512,568.2827,0.4872,0.1245,0.6846,10307.0,101.5234,1.0,52.0,23.0,36.0,30.0,184.0,1
image_812,152.7874,31.7085,20.0,255.0,147.0911,31.7158,18.0,255.0,136.0322,32.0123,6.0,243.0,147.5336,31.6566,17.23,253.632,20.9593,21.0962,1002.1434,0.3501,0.0922,0.9894,5179.0,71.9653,1.0,40.0,40.0,40.0,27.0,152.0,1
image_811,132.5513,30.5384,15.0,255.0,124.2524,31.0031,4.0,255.0,112.0351,31.2149,0.0,246.0,125.341,30.7633,7.431,253.974,18.1647,19.2835,946.3816,0.2562,0.0947,0.9873,9937.0,99.6845,1.0,39.0,40.0,40.0,39.0,132.0,1
image_810,138.5987,41.6916,13.0,255.0,124.5495,46.5429,12.0,255.0,112.4522,49.9556,0.0,255.0,127.3711,44.7942,11.871,254.202,21.1454,25.6211,2006.5176,0.2804,0.0512,0.9414,25919.0,160.9938,1.0,66.0,84.0,92.0,48.0,138.0,1
image_809,122.3952,46.3778,7.0,255.0,115.2727,44.4636,2.0,248.0,101.8642,45.4392,0.0,247.0,115.8738,44.5181,3.267,247.323,17.9451,20.9968,1981.8651,0.237,0.0798,0.9707,8883.0,94.2497,1.0,54.0,48.0,68.0,44.0,122.0,1
image_855,105.2542,41.7746,30.0,216.0,94.0,36.1272,26.0,193.0,71.7674,31.4292,7.0,165.0,94.8305,36.9622,25.828,196.343,17.4777,16.6635,1366.2017,0.1593,0.0683,0.9751,602.0,24.5357,1.0,64.0,57.75,44.75,83.0,105.0,1
image_852,145.0236,52.7398,27.0,255.0,146.141,51.5918,23.0,252.0,143.679,50.8016,10.0,241.0,145.5263,51.374,22.942,251.643,19.2254,22.2244,2639.2915,0.3663,0.0453,0.9865,1567.0,39.5854,1.0,87.0,85.0,85.0,5.0,146.0,1
image_851,120.0678,26.0411,23.0,255.0,117.0974,32.0883,22.0,250.0,105.5036,37.9458,9.0,245.0,116.6639,30.4903,22.17,250.925,15.0936,17.2393,929.6569,0.2236,0.1182,0.9421,6426.0,80.1623,1.0,27.0,27.0,29.0,32.0,120.0,1
image_850,123.2514,29.7874,28.0,255.0,115.2799,29.3809,30.0,255.0,100.9742,29.0836,15.0,243.0,116.0325,29.2913,28.148,253.632,14.314,15.9406,857.9781,0.2202,0.1184,0.9786,10547.0,102.6986,1.0,29.0,29.0,28.0,48.0,123.0,1
image_849,122.0951,35.3091,19.0,251.0,115.6001,34.4472,15.0,245.0,100.5066,34.911,0.0,236.0,115.8215,34.6085,15.953,245.17,16.1023,21.0772,1197.7466,0.2247,0.1108,0.9922,6372.0,79.8248,1.0,30.0,31.0,32.0,46.0,122.0,1
image_848,121.941,24.7244,24.0,255.0,111.7028,23.6216,25.0,253.0,96.9546,24.0427,3.0,235.0,113.0827,23.6213,24.131,251.546,14.3959,15.075,557.9651,0.2052,0.122,0.9413,8916.0,94.4246,1.0,28.0,29.0,28.0,53.0,121.0,1
image_847,149.4188,26.8979,24.0,255.0,143.3468,26.718,26.0,255.0,130.5504,27.5302,11.0,246.0,143.7035,26.6422,25.06,253.974,15.051,17.5829,709.8048,0.3285,0.1129,0.9759,5127.0,71.6031,1.0,30.0,30.0,30.0,33.0,149.0,1
image_843,151.2618,29.2239,27.0,255.0,143.9496,29.842,20.0,255.0,130.9159,30.115,4.0,244.0,144.6501,29.6554,20.269,253.746,16.0179,22.6982,879.4437,0.3353,0.129,0.9965,2403.0,49.0204,1.0,25.0,25.0,25.0,35.0,151.0,1
image_842,144.2386,29.5452,51.0,227.0,137.9199,30.808,42.0,212.0,122.8689,32.0631,25.0,197.0,138.0933,30.4773,42.753,213.031,11.4397,12.6355,928.8642,0.3076,0.0758,0.991,549.0,23.4307,1.0,29.0,36.0,44.0,39.0,144.0,1
image_841,170.4025,30.1098,42.0,255.0,164.8062,33.049,39.0,255.0,152.8761,35.0604,24.0,249.0,165.1195,32.3275,38.187,254.017,17.2987,18.82,1045.0682,0.4354,0.0905,0.9929,2348.0,48.4562,1.0,43.0,47.0,52.0,27.0,170.0,1
image_836,141.9332,34.2426,69.0,255.0,137.8034,34.5506,65.0,254.0,130.2443,34.3681,56.0,246.0,138.1765,34.3997,65.17,253.273,25.6757,25.0857,1183.3396,0.3118,0.0915,0.9974,524.0,22.891,1.0,42.25,42.0,41.0,20.0,141.0,1
image_834,134.0397,18.2364,65.0,230.0,129.9446,18.7782,64.0,233.0,119.1564,19.2576,59.0,226.0,129.9392,18.6248,63.729,231.305,9.6757,9.5177,346.884,0.265,0.1805,0.9924,1714.0,41.4005,1.0,16.0,16.0,17.0,29.0,134.0,1
image_833,108.2675,27.2606,16.0,253.0,98.6021,25.7072,4.0,244.0,86.0026,25.9056,0.0,229.0,100.0557,26.0676,7.132,244.981,13.7939,14.6317,679.5219,0.1644,0.1013,0.9825,5330.0,73.0068,1.0,33.0,33.0,34.0,52.0,108.0,1
image_831,162.61,26.4616,34.0,255.0,149.9475,28.9531,37.0,255.0,139.8149,30.1458,24.0,248.0,152.5785,27.874,36.673,254.202,15.5793,16.9361,776.9592,0.37,0.1234,0.93,4269.0,65.3376,1.0,23.0,31.0,34.0,36.0,162.0,1
image_829,149.8291,35.8394,27.0,255.0,138.9064,32.7897,29.0,255.0,117.005,39.3503,0.0,246.0,139.6755,34.152,26.27,253.974,18.5136,20.1883,1166.3605,0.318,0.1012,0.9736,4218.0,64.9461,1.0,37.0,33.0,41.0,55.0,149.0,1
image_828,167.6317,27.8826,74.0,255.0,147.5714,28.1393,54.0,244.0,124.0266,30.503,29.0,228.0,150.8853,28.2452,57.13,245.465,20.4208,17.2667,797.7918,0.3624,0.1108,0.9903,714.0,26.7208,1.0,32.0,31.0,34.0,66.0,167.0,1
image_875,133.395,33.4496,19.0,255.0,125.8361,31.6109,21.0,252.0,112.6464,32.5943,0.0,241.0,126.5926,32.0877,18.008,251.301,16.4008,18.1848,1029.6175,0.2623,0.1154,0.9831,12413.0,111.4136,1.0,31.0,30.0,31.0,40.0,133.0,1
image_874,152.8672,34.4984,32.0,255.0,142.9124,35.0283,22.0,251.0,127.9157,35.9486,0.0,232.0,144.1793,34.8006,24.753,250.03,15.7104,17.9587,1211.0814,0.3383,0.0786,0.9852,10616.0,103.034,1.0,48.0,49.0,48.0,42.0,152.0,1
image_873,167.4253,32.8079,103.0,255.0,144.9885,35.2259,74.0,236.0,125.8046,34.7919,56.0,215.0,149.5101,34.3694,80.619,239.287,24.8794,28.4427,1181.2583,0.3619,0.105,0.9884,87.0,9.3274,1.0,28.5,28.0,27.5,64.0,167.0,1
image_872,148.2551,25.4569,29.0,244.0,140.7193,25.951,21.0,232.0,129.3468,28.2576,1.0,219.0,141.676,25.9316,22.138,233.764,17.8053,17.7177,672.4486,0.319,0.118,0.9875,4763.0,69.0145,1.0,28.0,29.0,30.0,33.0,148.0,1
image_871,145.2559,39.0639,8.0,220.0,136.6986,40.6843,0.0,217.0,124.1695,42.066,0.0,205.0,137.8289,40.2713,2.392,216.23,25.9591,23.7096,1621.7779,0.3171,0.0675,0.9943,637.0,25.2389,1.0,57.0,61.0,67.0,37.0,145.0,1
image_867,112.2664,36.5626,22.0,255.0,105.3831,33.7258,18.0,253.0,88.2489,34.9454,0.0,238.0,105.4879,34.4459,20.269,251.888,18.4057,18.4956,1186.5201,0.1894,0.0948,0.9833,12289.0,110.8558,1.0,44.0,39.0,43.0,55.0,112.0,1
image_866,121.1701,32.6327,12.0,255.0,110.9456,31.1729,10.0,254.0,96.4947,32.6883,0.0,243.0,112.3553,31.2453,10.729,253.045,16.358,17.7979,976.2704,0.2092,0.1062,0.9388,23540.0,153.4275,1.0,36.0,33.0,37.0,53.0,121.0,1
image_865,133.0137,42.7248,12.0,255.0,127.9403,41.6454,17.0,254.0,114.4853,44.2664,0.0,250.0,127.9234,42.0836,13.567,252.931,17.5739,20.2976,1771.0328,0.2789,0.0781,0.988,22815.0,151.0464,1.0,49.0,49.0,52.0,36.0,133.0,1
image_864,129.4802,35.6244,4.0,255.0,120.6938,34.0231,0.0,255.0,105.8009,36.408,0.0,255.0,121.6232,34.3522,1.196,254.772,17.5502,19.0697,1180.0713,0.2456,0.096,0.9574,16540.0,128.6079,1.0,40.0,40.0,42.0,47.0,129.0,1
image_863,143.5257,47.781,16.0,255.0,138.8251,47.9847,10.0,253.0,122.526,52.6687,0.0,246.0,138.3725,48.219,10.654,251.529,16.6834,20.3029,2325.0753,0.3302,0.0732,0.9858,13252.0,115.1173,1.0,60.0,60.0,68.0,37.0,143.0,1
image_862,131.3748,33.4371,22.0,255.0,124.5318,32.5911,16.0,242.0,110.9261,33.0631,0.0,229.0,125.0268,32.7968,16.426,244.405,15.6431,18.203,1075.6308,0.2569,0.1236,0.9921,5683.0,75.3857,1.0,28.0,27.0,27.0,41.0,131.0,1
image_861,95.3512,46.5927,28.0,234.0,92.2683,40.385,32.0,228.0,72.2146,38.3612,7.0,194.0,90.904,41.8718,29.094,225.918,24.833,22.7267,1753.246,0.154,0.0474,0.9932,205.0,14.3178,1.0,81.0,68.0,62.0,62.0,95.0,1
image_859,131.2896,36.3908,27.0,255.0,121.8472,35.909,26.0,249.0,109.6383,36.0055,22.0,237.0,123.2787,35.8389,28.06,249.426,18.0715,22.1486,1284.4294,0.2535,0.0904,0.9783,2828.0,53.1789,1.0,34.0,29.0,30.0,43.0,131.0,1
image_858,129.6759,37.1096,26.0,255.0,119.565,38.0466,17.0,251.0,101.4632,41.9053,0.0,241.0,120.5246,38.0126,17.753,250.469,20.2177,23.1918,1444.9594,0.2456,0.0994,0.9891,6828.0,82.6317,1.0,32.0,33.0,36.0,55.0,129.0,1
image_857,143.8771,38.7383,36.0,250.0,118.8738,44.3645,13.0,242.0,101.893,44.9558,3.0,231.0,124.414,42.105,19.036,243.138,21.9501,25.5861,1772.8345,0.2653,0.0522,0.932,1514.0,38.9102,1.0,48.0,72.0,75.0,75.0,143.0,1
image_856,151.533,25.3079,45.0,255.0,137.5599,27.2109,19.0,250.0,119.0154,29.8776,0.0,235.0,139.6238,26.3299,25.804,249.671,18.0147,18.7507,693.2626,0.3105,0.1252,0.9274,6351.0,79.6932,1.0,27.0,27.0,29.0,54.0,151.0,1
image_895,132.6318,30.644,22.0,255.0,128.4416,29.5144,27.0,255.0,115.9498,30.4185,0.0,245.0,128.2704,29.8236,23.225,253.404,14.4565,15.6365,889.4477,0.2667,0.1099,0.9918,15610.0,124.94,1.0,34.0,33.0,33.0,33.0,132.0,1
image_894,118.3738,29.65,17.0,228.0,114.9326,29.3691,13.0,224.0,102.7748,32.7319,0.0,215.0,114.5755,29.6165,12.828,224.17,14.8769,16.1419,877.1352,0.2154,0.1072,0.9863,5862.0,76.5637,1.0,32.0,32.0,33.0,35.0,118.0,1
image_893,134.3861,31.0652,24.0,255.0,126.8486,30.1316,23.0,248.0,111.5356,30.7668,0.0,236.0,127.3566,30.2013,20.677,248.725,14.0045,16.2281,912.1186,0.2635,0.1254,0.9781,13036.0,114.1753,1.0,25.0,25.0,27.0,44.0,134.0,1
image_892,128.2608,28.6529,10.0,255.0,124.5239,27.5903,24.0,254.0,111.6476,29.0238,0.0,240.0,124.1733,27.8829,23.148,252.589,15.4561,17.1533,777.4572,0.2491,0.1196,0.988,21672.0,147.2141,1.0,28.0,28.0,28.0,34.0,128.0,1
image_891,142.4299,48.0917,13.0,255.0,137.8474,48.2975,19.0,255.0,127.2345,49.214,0.0,251.0,138.0077,48.2621,15.61,254.544,15.7338,19.5212,2329.2346,0.3287,0.0724,0.9963,16372.0,127.9531,1.0,55.0,53.0,56.0,27.0,142.0,1
image_890,134.7611,31.4972,24.0,253.0,128.7742,30.4364,18.0,246.0,115.2268,31.1048,4.0,236.0,129.0199,30.7207,18.426,246.269,15.3919,16.6638,943.7619,0.2705,0.109,0.9927,14036.0,118.4736,1.0,35.0,34.0,34.0,36.0,134.0,1
image_889,105.906,37.071,45.0,177.0,101.1074,33.027,47.0,170.0,86.5302,30.8694,32.0,160.0,100.8804,33.9518,45.148,170.953,9.7064,10.0602,1152.7266,0.1742,0.0398,0.9977,149.0,12.2066,1.0,74.0,64.0,58.0,46.0,105.0,1
image_884,122.5385,33.4343,29.0,248.0,114.0588,30.8485,26.0,234.0,103.7232,32.0945,8.0,225.0,115.4159,31.6448,25.187,236.932,15.909,18.4579,1001.3925,0.2203,0.1054,0.9875,1651.0,40.6325,1.0,32.0,31.0,34.0,40.0,122.0,1
image_883,127.97,25.7923,24.0,247.0,120.933,25.5195,25.0,228.0,109.0628,26.3209,0.0,246.0,121.6838,25.481,24.942,232.883,13.7728,15.5978,649.28,0.2377,0.1163,0.9721,7831.0,88.4929,1.0,29.0,29.0,28.0,36.0,127.0,1
image_882,118.7563,26.5589,22.0,250.0,117.3673,31.1241,16.0,251.0,107.7547,38.1751,0.0,255.0,116.6867,29.6907,15.97,246.17,14.1964,15.9307,881.5395,0.223,0.1065,0.9013,9391.0,96.9072,1.0,32.0,33.0,34.0,24.0,118.0,1
image_881,144.3811,34.1055,12.0,255.0,139.4353,34.4121,17.0,254.0,128.3313,35.0698,0.0,248.0,139.6482,34.2574,15.049,253.615,15.3204,16.7822,1173.5698,0.318,0.0953,0.9876,21813.0,147.6922,1.0,38.0,37.0,39.0,28.0,144.0,1
image_880,132.7479,35.4999,11.0,255.0,128.7233,34.6261,13.0,255.0,114.3313,36.5619,0.0,254.0,128.2859,34.9384,10.92,253.729,17.3935,18.9247,1220.6952,0.2719,0.1056,0.9914,28528.0,168.9023,1.0,34.0,35.0,40.0,35.0,132.0,1
image_879,142.3959,43.7461,22.0,255.0,134.6518,44.7325,18.0,254.0,120.6903,46.8827,0.0,246.0,135.3757,44.4355,20.378,253.088,19.01,20.8928,1974.513,0.3122,0.0625,0.9795,7275.0,85.2936,1.0,59.0,59.0,61.0,40.0,142.0,1
image_878,115.9364,37.3008,25.0,211.0,112.4652,33.7093,27.0,209.0,98.6956,34.9361,0.0,191.0,111.9333,34.6888,24.008,207.247,12.8738,14.6398,1203.3128,0.2112,0.0558,0.985,2326.0,48.2286,1.0,71.0,63.0,61.0,38.0,115.0,1
image_877,144.3728,40.6076,46.0,246.0,145.5254,49.1657,49.0,255.0,135.9053,58.4587,21.0,255.0,144.0841,47.4498,45.894,249.233,18.7812,18.6679,2251.4821,0.3539,0.044,0.9828,845.0,29.0689,1.0,64.0,87.0,102.0,18.0,145.0,1
image_876,135.1624,40.1518,30.0,255.0,127.7061,38.8927,30.0,244.0,110.4536,37.6228,0.0,233.0,127.9688,38.9795,26.58,243.721,17.7195,20.5999,1519.4035,0.2752,0.1037,0.9922,1521.0,39.0,1.0,28.0,25.0,27.0,47.0,135.0,1
image_940,249.3745,14.1384,139.0,255.0,248.4246,16.1696,138.0,255.0,246.2689,18.6914,132.0,255.0,248.4629,15.7743,140.893,255.0,3.0783,8.8681,248.8297,0.9532,0.1424,0.9906,8491.0,92.1466,1.0,3.0,2.0,3.0,3.0,249.0,1
image_939,254.5324,0.9748,249.0,255.0,254.6578,0.9138,248.0,255.0,254.3677,1.1981,246.0,255.0,254.5872,0.8365,248.071,255.0,0.4066,0.9022,0.6998,0.9968,0.7345,0.591,941.0,30.6757,1.0,1.0,0.0,1.0,0.0,254.0,1
image_938,232.9396,39.0861,55.0,255.0,229.6795,44.2072,26.0,255.0,229.5661,41.1851,44.0,255.0,230.6413,42.2677,36.723,255.0,6.9463,14.4553,1786.5586,0.8456,0.0659,0.9952,4589.0,67.7422,1.0,26.0,32.0,34.0,3.0,232.0,1
image_937,250.0686,6.8117,226.0,255.0,253.5437,2.7145,237.0,255.0,253.8723,2.4111,235.0,255.0,252.5421,3.7078,234.395,255.0,1.5733,2.9953,13.7475,0.981,0.355,0.8219,423.0,20.567,1.0,8.0,1.0,1.0,3.0,253.0,1
image_936,203.408,60.4629,109.0,255.0,179.9517,88.2691,59.0,255.0,180.9398,86.824,62.0,255.0,187.0777,79.767,75.531,255.0,2.9084,7.9801,6362.7804,0.6361,0.0129,0.9986,1179.0,34.3366,1.0,122.0,179.0,175.0,30.0,203.0,1
image_926,254.3181,1.575,241.0,255.0,254.7741,0.8453,245.0,255.0,254.6612,0.8468,248.0,255.0,254.6249,0.9516,244.146,255.0,0.2854,0.8425,0.9055,0.9971,0.7391,0.7377,1160.0,34.0588,1.0,1.0,0.0,0.0,0.0,254.0,1
image_916,178.7337,40.9139,47.0,255.0,178.3874,38.3005,42.0,255.0,171.1104,35.5576,28.0,243.0,177.6613,38.2889,43.992,253.632,19.5987,22.3855,1466.0424,0.508,0.0636,0.9808,4817.0,69.4046,1.0,55.0,57.0,51.0,10.0,178.0,1
image_914,205.8613,22.0919,84.0,254.0,207.3155,22.1881,85.0,252.0,199.4148,22.9893,77.0,239.0,205.98,22.2255,83.789,251.116,14.5209,19.755,493.971,0.6601,0.1587,0.9972,786.0,28.0357,1.0,19.0,20.0,21.0,10.0,207.0,1
image_909,152.1426,21.3619,59.0,229.0,145.9524,21.9122,53.0,226.0,133.2871,22.7543,31.0,209.0,146.3594,21.7234,52.286,224.959,13.6494,12.8775,471.9049,0.3367,0.1358,0.9844,3675.0,60.6218,1.0,25.0,26.0,26.0,32.0,152.0,1
image_908,140.8705,34.9339,4.0,255.0,135.3353,35.1771,0.0,255.0,124.8122,35.5206,0.0,254.0,135.7907,35.0337,1.196,254.772,16.08,19.6999,1227.3612,0.3024,0.0987,0.9928,10875.0,104.2833,1.0,35.0,35.0,35.0,29.0,140.0,1
image_907,126.4285,30.3438,10.0,255.0,123.3369,28.3408,16.0,252.0,111.493,28.66,0.0,241.0,122.9111,28.8432,14.105,251.643,13.2521,14.9781,831.9322,0.2451,0.1195,0.9915,14771.0,121.536,1.0,28.0,28.0,28.0,30.0,126.0,1
image_906,153.2301,46.7768,16.0,255.0,150.426,48.1625,12.0,255.0,139.98,49.2851,0.0,255.0,150.0736,47.7257,11.942,254.772,14.3899,18.3593,2277.7455,0.3814,0.079,0.9924,19484.0,139.5851,1.0,50.0,52.0,53.0,23.0,153.0,1
image_905,107.515,33.8707,21.0,255.0,104.2314,32.3617,23.0,255.0,90.5407,31.4126,0.0,244.0,103.6524,32.5568,20.92,253.746,14.5901,16.4389,1059.9427,0.1815,0.1122,0.9927,4089.0,63.9453,1.0,33.0,32.0,33.0,41.0,107.0,1
image_904,175.5217,19.9118,92.0,245.0,170.3043,19.0946,88.0,234.0,161.1304,18.9461,77.0,216.0,170.8185,19.2608,87.942,235.237,15.7879,18.5214,370.9771,0.4544,0.1407,0.9932,138.0,11.7473,1.0,21.0,20.0,20.75,20.0,175.0,1
image_897,124.358,49.2428,37.0,236.0,123.6193,49.0236,38.0,236.0,112.2273,51.3694,27.0,224.0,122.5415,49.2647,38.077,234.632,30.9029,33.6141,2427.0154,0.2683,0.0542,0.9964,176.0,13.2665,1.0,91.75,90.75,98.5,25.0,124.0,1
image_896,136.9504,25.7344,26.0,255.0,130.8104,25.3671,13.0,255.0,119.0314,26.7817,0.0,244.0,131.3034,25.3829,15.405,253.746,13.8759,14.7905,644.2931,0.275,0.1243,0.9765,12329.0,111.036,1.0,29.0,28.0,29.0,32.0,136.0,1
image_969,111.6854,31.1302,66.0,255.0,138.0674,17.7674,100.0,235.0,217.382,26.1136,152.0,255.0,139.2211,18.2212,111.011,243.26,12.9733,16.9702,332.0136,0.3032,0.1398,0.6074,89.0,9.434,1.0,30.0,18.0,40.0,125.0,217.0,1
image_968,212.3862,42.1794,64.0,255.0,204.6116,46.4325,49.0,255.0,200.1124,39.079,65.0,254.0,206.4233,44.2683,55.879,254.772,10.4856,18.4818,1959.6858,0.6854,0.0977,0.996,1797.0,42.391,1.0,55.0,65.0,52.0,14.0,212.0,1
image_967,187.3554,52.7782,57.0,255.0,182.6907,74.4593,25.0,255.0,187.7686,72.0648,27.0,255.0,184.6643,67.1317,38.982,254.43,8.7044,14.1488,4506.6682,0.5937,0.0317,0.9626,6430.0,80.1873,1.0,72.0,112.0,111.0,7.0,187.0,1
image_966,145.9005,92.6749,17.0,252.0,174.595,69.672,57.0,255.0,219.4386,36.5876,102.0,255.0,171.1275,71.1265,58.006,254.103,4.0885,8.4263,5058.9738,0.5282,0.0267,0.9785,1758.0,41.9285,1.0,198.0,144.0,52.0,86.0,219.0,1
image_965,240.4718,13.986,138.0,255.0,233.6652,15.3609,128.0,255.0,220.7931,13.2379,119.0,243.0,234.233,14.6337,129.964,253.632,3.8134,7.6071,214.1445,0.847,0.1968,0.9834,1861.0,43.1393,1.0,12.0,13.0,12.0,21.0,240.0,1
image_964,171.192,42.94,40.0,255.0,147.7504,50.2654,9.0,255.0,144.6273,46.4696,24.0,255.0,154.4034,47.53,19.979,255.0,9.8153,15.5329,2259.0967,0.4014,0.049,0.9924,4178.0,64.6375,1.0,59.0,73.0,63.5,40.0,171.0,1
image_963,199.5982,22.6803,19.0,233.0,208.1548,17.3901,86.0,238.0,216.7321,16.242,95.0,244.0,206.5742,18.4652,66.993,237.189,9.1222,16.6971,340.9637,0.6615,0.1487,0.9188,336.0,18.3303,1.0,22.0,23.25,21.0,20.0,216.0,1
image_962,240.386,16.703,123.0,255.0,237.6049,17.9214,109.0,255.0,230.3325,18.1605,112.0,255.0,237.6074,17.3613,115.849,255.0,6.8997,11.0224,301.4148,0.8729,0.1514,0.9711,3326.0,57.6715,1.0,15.0,17.0,19.0,11.0,240.0,1
image_961,237.0451,23.3942,120.0,255.0,232.3571,26.0721,106.0,255.0,223.3632,25.4852,106.0,253.0,232.7335,25.06,110.186,254.772,6.3716,12.4089,628.0039,0.8426,0.1099,0.9856,2106.0,45.8912,1.0,18.0,26.0,32.0,15.0,237.0,1
image_951,236.9982,30.0106,96.0,255.0,238.9231,27.9897,107.0,255.0,230.5697,40.6088,7.0,255.0,237.3953,29.4605,97.007,255.0,4.5327,12.7035,867.9188,0.88,0.0793,0.9396,3409.0,58.3866,1.0,26.0,20.0,26.0,9.0,238.0,1
image_950,209.2545,17.2139,153.0,241.0,193.8682,18.139,134.0,225.0,180.8318,16.3769,128.0,209.0,196.9826,17.6077,138.997,227.259,11.6932,11.4536,310.0326,0.6015,0.0978,0.9898,220.0,14.8324,1.0,25.25,29.0,25.0,35.0,209.0,1
image_949,221.7815,34.924,72.0,255.0,214.8119,40.5245,52.0,255.0,207.4319,40.6623,55.0,255.0,216.0545,38.5163,58.92,255.0,8.0292,15.7135,1483.5042,0.7407,0.0997,0.9764,4184.0,64.6838,1.0,29.0,41.25,55.0,16.0,221.0,1
image_948,212.8711,36.5825,127.0,255.0,203.7451,39.83,113.0,255.0,192.0056,38.1201,110.0,255.0,205.1355,38.502,116.844,255.0,13.0863,17.0291,1482.4007,0.6699,0.0729,0.9945,357.0,18.8944,1.0,59.0,59.0,47.0,24.0,212.0,1
image_947,186.5834,64.6649,90.0,255.0,161.6398,86.4276,42.0,255.0,165.236,77.6786,58.0,255.0,169.5079,78.842,59.671,255.0,8.4521,19.3146,6216.0565,0.5375,0.0154,0.9951,2093.0,45.7493,1.0,134.0,179.0,158.0,34.0,186.0,1
image_946,252.5336,5.1041,216.0,255.0,251.7394,5.8265,210.0,255.0,234.3539,6.307,194.0,243.0,249.9949,5.5611,209.97,253.632,2.6353,4.4117,30.9254,0.9616,0.3396,0.9576,729.0,27.0,1.0,2.0,4.0,5.0,18.0,252.0,1
image_941,254.2106,3.9356,186.0,255.0,254.2144,3.4613,195.0,255.0,252.9162,5.8547,176.0,255.0,254.0653,3.8039,190.143,255.0,0.9473,4.1753,14.4696,0.9929,0.5648,0.9744,1600.0,40.0,1.0,0.0,0.0,2.0,2.0,254.0,1
image_1003,246.7578,13.0405,118.0,255.0,251.6409,15.7261,103.0,255.0,251.8852,14.702,110.0,255.0,250.2087,14.7503,108.283,255.0,3.0301,11.2503,217.5717,0.9661,0.2839,0.9805,479.0,21.8861,1.0,3.0,1.0,1.0,5.0,251.0,1
image_1000,217.7241,37.7527,135.0,255.0,220.593,38.1712,130.0,255.0,227.8034,34.1317,136.0,255.0,220.5572,37.3145,132.179,255.0,4.8416,8.2301,1392.3744,0.7695,0.0603,0.9826,656.0,25.6125,1.0,76.25,79.0,63.25,11.0,227.0,1
image_998,246.9678,31.7867,4.0,255.0,246.9045,32.7415,0.0,255.0,246.9678,30.8199,11.0,255.0,246.9306,32.2269,2.45,255.0,4.7358,19.2217,1038.5705,0.9537,0.132,0.9993,1613.0,40.1622,1.0,2.0,2.0,2.0,0.0,246.0,1
image_997,254.3909,1.4234,240.0,255.0,254.5549,1.1795,246.0,255.0,253.4131,2.0235,242.0,255.0,254.3757,1.2218,243.978,255.0,0.5882,1.2414,1.4929,0.9951,0.6676,0.7654,811.0,28.4781,1.0,1.0,0.0,2.0,1.0,254.0,1
image_996,195.4824,60.5246,37.0,255.0,207.6962,41.4055,65.0,255.0,212.5888,35.8836,42.0,255.0,204.602,43.5389,55.8,255.0,8.418,14.9848,1895.6382,0.6729,0.0483,0.8139,4322.0,65.7419,1.0,92.0,55.0,46.0,20.0,212.0,1
image_994,224.6927,10.4368,180.0,248.0,231.2207,10.6867,185.0,251.0,234.5314,9.7556,189.0,254.0,229.6463,10.4118,183.961,250.146,5.0968,5.2657,108.4053,0.8127,0.2133,0.9635,589.0,24.2693,1.0,12.0,11.0,12.0,11.0,234.0,1
image_983,183.6233,72.1962,50.0,255.0,183.7151,65.9345,41.0,255.0,202.6157,46.7639,76.0,255.0,185.8423,64.2467,49.918,254.202,19.5899,25.6784,4127.6372,0.5946,0.0298,0.9688,523.0,22.8692,1.0,142.5,123.0,65.5,24.0,202.0,1
image_982,88.5742,34.7362,25.0,230.0,115.4807,27.4504,31.0,240.0,197.5914,43.3973,68.0,255.0,116.7963,26.7315,40.002,236.328,11.4563,12.9315,714.5748,0.2208,0.1298,0.6313,1165.0,34.1321,1.0,50.0,26.0,70.0,141.0,197.0,1
image_980,250.9162,8.1507,183.0,255.0,251.8364,7.5272,183.0,255.0,250.3684,8.5761,181.0,255.0,251.3939,7.7797,182.772,255.0,2.809,6.0927,60.524,0.9728,0.2562,0.9812,752.0,27.4226,1.0,4.0,2.0,5.0,1.0,251.0,1
image_979,191.8793,45.0839,84.0,251.0,187.6992,48.2002,60.0,248.0,191.5675,40.0476,79.0,243.0,189.39,46.2714,71.069,247.729,10.7204,23.6029,2141.0445,0.5845,0.0432,0.9947,911.0,30.1828,1.0,75.0,75.5,62.0,5.0,191.0,1
image_978,79.2822,45.5489,48.0,255.0,137.9985,30.5642,113.0,255.0,239.6286,5.9254,213.0,255.0,132.0282,31.9321,105.421,255.0,2.7372,3.7778,1019.6563,0.2838,0.1418,0.9898,2041.0,45.1774,1.0,10.0,7.0,6.0,171.0,239.0,1
image_977,221.3029,45.9341,25.0,255.0,217.5311,54.351,11.0,255.0,215.0321,52.5655,6.0,255.0,218.3739,51.5276,15.203,255.0,15.1169,25.0428,2655.0984,0.7742,0.0414,0.9914,1433.0,37.855,1.0,53.0,62.0,58.0,7.0,221.0,1
image_976,224.2407,19.0741,4.0,255.0,219.4626,19.8918,0.0,255.0,211.0768,20.4044,17.0,255.0,219.9353,19.1267,3.134,254.202,5.8111,9.5338,365.8302,0.7495,0.13,0.909,1874.0,43.2897,1.0,21.0,26.0,28.75,15.0,224.0,1
image_975,242.0439,10.1616,108.0,255.0,241.8284,11.2346,102.0,255.0,237.8803,12.8335,104.0,255.0,241.4428,10.9332,104.022,255.0,3.0712,5.7603,119.535,0.8983,0.193,0.9593,3642.0,60.349,1.0,13.0,17.0,23.0,5.0,242.0,1
image_974,230.0017,31.3099,109.0,255.0,227.4747,35.7583,88.0,255.0,229.0343,32.8008,97.0,255.0,228.4081,33.9808,95.305,255.0,11.3941,17.2312,1154.693,0.8201,0.0713,0.9892,1165.0,34.1321,1.0,39.0,41.0,31.0,3.0,230.0,1
image_973,241.2804,20.8674,139.0,255.0,240.4548,20.9481,135.0,255.0,239.919,20.5045,134.0,255.0,240.6406,20.85,136.082,255.0,14.7724,19.2606,434.7229,0.8972,0.0989,0.9975,321.0,17.9165,1.0,18.0,19.0,19.0,2.0,241.0,1
image_1035,250.9898,7.6477,191.0,255.0,251.2411,8.1965,191.0,255.0,246.1266,8.8875,189.0,255.0,250.5829,8.0151,190.772,255.0,2.0636,5.3444,64.2419,0.9666,0.263,0.9879,2559.0,50.5866,1.0,4.0,3.0,10.0,5.0,251.0,1
image_1034,241.8005,21.3136,43.0,255.0,240.9644,18.5233,54.0,255.0,240.4519,18.9346,38.0,255.0,241.156,18.8741,48.887,255.0,2.5333,7.5508,356.2305,0.8998,0.1636,0.9286,4412.0,66.4229,1.0,14.0,21.0,24.0,1.0,241.0,1
image_1033,98.7222,53.8282,41.0,255.0,214.2185,20.8801,152.0,255.0,252.1187,4.3922,224.0,255.0,184.0057,26.0397,127.019,255.0,3.8248,12.4064,678.0665,0.5311,0.1807,0.7006,1213.0,34.8281,1.0,19.0,20.0,4.0,156.0,252.0,1
image_1027,254.7223,0.7774,249.0,255.0,254.8474,0.4315,252.0,255.0,254.6493,0.7692,251.0,255.0,254.7874,0.4357,251.918,255.0,0.1138,0.3299,0.1899,0.9983,0.8109,0.3992,1055.0,32.4808,1.0,0.0,0.0,0.0,0.0,254.0,1
image_1026,254.6396,1.0049,248.0,255.0,254.9077,0.4727,250.0,255.0,254.6014,1.0553,247.0,255.0,254.7926,0.6177,249.929,255.0,0.2055,0.6374,0.3815,0.9984,0.8016,0.6364,444.0,21.0713,1.0,0.0,0.0,0.0,0.0,254.0,1
image_1020,213.6061,73.5161,0.0,255.0,217.6214,67.7544,17.0,255.0,212.4549,75.6418,0.0,255.0,215.8318,70.3657,9.979,255.0,13.2898,35.6899,4951.3249,0.7925,0.0346,0.9996,721.0,26.8514,1.0,26.0,26.0,30.0,6.0,217.0,1
image_1019,205.3227,42.1523,84.0,255.0,204.1478,49.6263,64.0,255.0,210.6229,47.4258,74.0,255.0,205.2372,46.9074,72.658,255.0,14.4674,16.9445,2200.3013,0.6816,0.0655,0.9772,846.0,29.0861,1.0,41.75,54.75,53.75,7.0,210.0,1
image_1018,248.0553,17.1624,100.0,255.0,243.305,19.1284,84.0,255.0,233.2179,17.5734,87.0,251.0,243.5754,18.301,89.126,254.43,3.5712,11.2142,334.9273,0.9176,0.2054,0.9887,3020.0,54.9545,1.0,5.0,7.0,7.0,15.0,248.0,1
image_1016,211.9673,40.0547,39.0,255.0,204.7998,33.7646,35.0,255.0,204.231,26.3749,53.0,255.0,206.878,33.5682,42.135,254.701,8.0288,10.3328,1126.8241,0.6755,0.1106,0.9495,3087.0,55.5608,1.0,27.0,32.0,31.0,8.0,211.0,1
image_1015,223.3352,24.0027,95.0,255.0,218.0031,26.8818,81.0,251.0,214.2824,25.5929,84.0,250.0,219.1732,25.7579,85.827,250.23,6.477,12.0208,663.4686,0.7489,0.0963,0.9852,2560.0,50.5964,1.0,23.0,30.0,29.0,10.0,223.0,1
image_1014,203.4676,25.7813,135.0,255.0,167.216,69.254,48.0,255.0,169.7887,58.2135,73.0,255.0,178.3485,54.5357,83.74,254.288,6.4509,14.9975,2974.1431,0.5349,0.0396,0.9366,3871.0,62.2174,1.0,41.0,128.0,95.0,45.0,203.0,1
image_1012,216.2321,39.3107,124.0,255.0,213.9955,41.8992,117.0,255.0,213.8482,39.2822,124.0,255.0,214.6475,40.785,119.891,255.0,15.0273,16.7621,1663.4128,0.7341,0.046,0.9968,224.0,14.9666,1.0,62.25,68.25,65.0,4.0,216.0,1
image_1011,254.4701,0.9018,250.0,255.0,254.8974,0.4005,252.0,255.0,253.9145,1.381,249.0,255.0,254.6576,0.5001,251.06,255.0,0.2386,0.4988,0.2501,0.9973,0.7916,0.4411,117.0,10.8167,1.0,1.0,0.0,2.0,1.0,254.0,1
image_1010,231.6463,47.0095,61.0,255.0,230.8935,48.6892,54.0,255.0,231.1457,45.0433,72.0,255.0,231.1473,47.757,58.145,255.0,9.6552,22.8025,2280.7303,0.8567,0.063,0.9996,817.0,28.5832,1.0,21.0,22.0,24.0,1.0,231.0,1
image_1009,195.8751,65.0694,82.0,255.0,228.0793,30.3963,147.0,255.0,253.4078,3.6836,200.0,255.0,221.3377,37.2657,136.913,255.0,3.235,9.9721,1388.7314,0.7748,0.0277,0.979,1513.0,38.8973,1.0,129.0,54.0,2.0,58.0,253.0,1
image_1008,251.6293,10.9264,164.0,255.0,251.7059,11.6127,159.0,255.0,249.556,12.8074,155.0,255.0,251.4379,11.4971,160.039,255.0,2.575,8.2595,132.1823,0.9743,0.2774,0.9932,1241.0,35.2278,1.0,2.0,1.0,5.0,2.0,251.0,1
image_1061,229.4008,20.1147,156.0,248.0,228.6479,17.4045,150.0,249.0,226.7023,13.0064,152.0,241.0,228.6512,17.3762,152.022,246.066,6.3112,11.8451,301.9319,0.8087,0.1284,0.954,514.0,22.6716,1.0,8.75,9.0,7.0,3.0,229.0,1
image_1060,236.2622,23.3833,164.0,255.0,231.5487,27.293,150.0,255.0,217.5702,22.9979,149.0,244.0,231.3645,25.596,154.072,253.746,6.4036,9.7928,655.1541,0.8333,0.0747,0.9956,698.0,26.4197,1.0,28.75,36.75,30.0,21.0,236.0,1
image_1059,231.4556,8.5881,140.0,254.0,228.1444,8.7514,137.0,255.0,219.9177,8.957,132.0,255.0,228.1966,8.6332,137.327,253.804,3.224,4.7293,74.5323,0.802,0.2378,0.9697,3975.0,63.0476,1.0,9.0,10.0,10.0,13.0,231.0,1
image_1058,224.5046,15.5775,139.0,254.0,219.9752,16.0958,138.0,250.0,212.9228,15.2943,136.0,247.0,220.5255,15.7735,138.071,250.854,4.9335,7.515,248.8027,0.7517,0.1107,0.9858,1088.0,32.9848,1.0,23.25,25.0,23.0,14.0,224.0,1
image_1057,243.5121,6.513,219.0,255.0,237.5013,6.475,214.0,251.0,231.5161,5.64,208.0,242.0,238.6162,6.3055,214.811,249.632,2.332,3.3952,39.7594,0.8762,0.2449,0.9514,746.0,27.313,1.0,9.0,8.0,8.0,13.0,243.0,1
image_1056,212.0052,30.5388,77.0,255.0,206.2855,31.6072,72.0,249.0,200.0808,25.8245,79.0,237.0,207.2884,30.5595,74.293,249.426,9.0574,12.692,933.8849,0.6752,0.0877,0.9942,767.0,27.6948,1.0,33.0,38.0,30.0,14.0,212.0,1
image_1055,254.2661,4.6476,144.0,255.0,254.4695,4.262,149.0,255.0,254.2661,4.6761,143.0,255.0,254.3855,4.3942,146.821,255.0,0.6753,4.281,19.3093,0.9955,0.6644,0.9751,1706.0,41.3038,1.0,0.0,0.0,0.0,0.0,254.0,1
image_1052,254.2385,1.2915,245.0,255.0,254.2416,1.1962,245.0,255.0,254.052,1.4443,245.0,255.0,254.2191,1.123,245.0,255.0,0.6645,1.1824,1.261,0.9939,0.6373,0.6258,327.0,18.0831,1.0,1.0,1.0,2.0,0.0,254.0,1
image_1051,246.2247,21.1433,117.0,255.0,244.7026,22.5184,113.0,255.0,244.5829,19.1502,130.0,255.0,245.1441,21.6391,116.134,255.0,6.4135,17.3851,468.2496,0.9314,0.1593,0.9923,1019.0,31.9218,1.0,6.0,9.0,13.0,2.0,246.0,1
image_1050,245.4741,29.2376,29.0,255.0,248.136,27.3599,38.0,255.0,248.153,30.5554,7.0,255.0,247.3421,28.2133,31.775,255.0,2.8598,16.0502,795.9885,0.9531,0.1434,0.9912,5366.0,73.253,1.0,7.0,1.0,2.0,3.0,248.0,1
image_1041,241.7851,32.3285,46.0,255.0,245.104,24.1574,94.0,255.0,246.1573,9.8385,138.0,255.0,244.2317,24.5895,91.278,255.0,2.1627,5.0976,604.643,0.9266,0.1617,0.9865,4750.0,68.9202,1.0,10.0,9.0,7.0,5.0,246.0,1
image_1040,214.9563,23.0038,74.0,255.0,205.3975,26.2464,57.0,251.0,198.3523,26.1607,65.0,253.0,207.4524,25.2045,62.995,252.424,7.6096,14.4808,635.2655,0.6716,0.1269,0.9946,1303.0,36.0971,1.0,24.0,27.0,26.5,19.0,214.0,1
image_1039,205.7237,38.9597,91.0,252.0,205.1621,45.4868,79.0,255.0,207.8539,48.2079,79.0,255.0,205.6369,43.8073,82.588,254.103,9.1193,12.5532,1919.0753,0.6798,0.0304,0.9967,438.0,20.9284,1.0,62.75,76.0,82.75,2.0,207.0,1
image_1038,201.8422,32.7536,51.0,255.0,196.7894,36.4759,33.0,255.0,194.2807,36.5388,43.0,255.0,198.0142,34.9589,39.978,255.0,10.6265,20.7015,1222.1238,0.6218,0.1143,0.9616,2953.0,54.3415,1.0,33.0,40.0,46.0,9.0,201.0,1
image_1037,200.1046,45.8239,105.0,255.0,196.802,48.9299,101.0,255.0,199.2295,46.5153,108.0,255.0,198.0662,47.6888,103.293,255.0,12.496,16.174,2274.2196,0.6383,0.0331,0.9976,889.0,29.8161,1.0,90.0,96.0,91.0,5.0,200.0,1
image_1036,253.8232,3.3689,222.0,255.0,253.807,3.5695,221.0,255.0,251.5932,5.0717,217.0,255.0,253.5594,3.6,220.843,255.0,0.8605,2.1319,12.9596,0.9889,0.4509,0.9651,1352.0,36.7696,1.0,1.0,1.0,4.0,2.0,253.0,1
image_1087,199.0129,27.2708,94.0,242.0,206.8451,16.4717,112.0,236.0,214.3842,12.3506,112.0,243.0,205.3627,18.1709,106.618,236.426,3.9142,5.9897,330.1803,0.6537,0.1145,0.9369,1317.0,36.2905,1.0,49.0,23.0,12.0,18.0,214.0,1
image_1085,224.5427,42.3919,68.0,255.0,230.5716,18.927,148.0,255.0,231.4538,19.5037,170.0,255.0,228.8695,22.9643,131.946,255.0,3.6451,7.8284,527.3575,0.8137,0.1761,0.7891,2047.0,45.2438,1.0,20.0,31.0,36.0,8.0,231.0,1
image_1084,160.8731,51.0474,28.0,245.0,211.3087,22.1195,101.0,255.0,244.06,14.4262,170.0,255.0,199.9621,26.9801,87.039,252.01,5.458,8.1281,727.9253,0.6261,0.0988,0.7867,583.0,24.1454,1.0,86.0,20.0,18.0,88.0,244.0,1
image_1081,234.0045,34.8896,73.0,255.0,233.9093,35.992,72.0,255.0,235.3209,33.7538,80.0,255.0,234.0987,35.3887,73.211,255.0,11.2435,18.6419,1252.3603,0.862,0.0828,0.9987,882.0,29.6985,1.0,21.0,20.0,20.0,2.0,235.0,1
image_1079,168.202,91.7976,29.0,253.0,189.2179,55.9616,85.0,247.0,223.6531,11.413,128.0,251.0,186.8597,60.2475,81.138,247.198,3.9778,7.672,3629.7631,0.5928,0.0199,0.9949,1891.0,43.4856,1.0,187.0,113.0,11.0,63.0,223.0,1
image_1078,221.395,27.3916,58.0,255.0,218.6422,29.0604,50.0,255.0,215.3102,30.5376,18.0,255.0,219.0854,28.6181,49.918,255.0,7.5936,14.0151,818.9941,0.7507,0.1532,0.9868,2876.0,53.6284,1.0,23.0,26.0,24.0,7.0,221.0,1
image_1077,218.605,16.8142,159.0,249.0,214.3967,15.843,159.0,242.0,210.5927,13.4159,157.0,245.0,215.2214,15.5839,158.772,241.91,5.6127,6.6891,242.8574,0.7161,0.1481,0.9592,1709.0,41.3401,1.0,23.0,21.0,15.0,9.0,218.0,1
image_1076,254.1271,1.3071,248.0,255.0,254.4788,1.0413,249.0,255.0,254.3962,1.1815,248.0,255.0,254.3642,1.0048,249.94,255.0,0.6819,1.0747,1.0096,0.995,0.6638,0.6231,472.0,21.7256,1.0,1.0,1.0,1.0,0.0,254.0,1
image_1075,254.607,1.3464,227.0,255.0,254.6881,1.3122,221.0,255.0,253.3056,3.1193,221.0,255.0,254.5063,1.4116,222.794,255.0,0.3934,1.4244,1.9927,0.9962,0.6826,0.8831,4797.0,69.2604,1.0,0.0,0.0,2.0,1.0,254.0,1
image_1074,254.5455,1.2091,246.0,255.0,254.6503,1.0804,247.0,255.0,254.4294,1.3355,245.0,255.0,254.5938,1.0887,246.929,255.0,0.4796,1.1866,1.1852,0.9968,0.6904,0.8473,715.0,26.7395,1.0,0.0,0.0,0.0,0.0,254.0,1
image_1071,180.0526,34.165,87.0,255.0,176.3927,34.7721,86.0,252.0,183.5425,35.6882,85.0,255.0,178.3021,34.6402,87.211,252.652,22.0328,19.5195,1199.94,0.5074,0.0681,0.9954,247.0,15.7162,1.0,52.0,53.5,55.5,10.0,183.0,1
image_1067,238.0593,19.3654,108.0,255.0,233.1798,26.6671,92.0,255.0,225.2284,28.9671,79.0,255.0,233.7323,24.6379,95.302,255.0,4.5571,10.2843,607.0283,0.8495,0.0514,0.9802,1029.0,32.078,1.0,27.0,43.0,48.0,14.0,238.0,1
image_1066,208.3733,19.9518,149.0,253.0,217.5812,12.0265,141.0,244.0,226.3812,14.7397,132.0,248.0,215.8312,12.8604,144.16,246.121,3.7923,5.2599,165.3895,0.7189,0.1805,0.7649,1010.0,31.7805,1.0,30.0,14.75,12.0,20.0,226.0,1
image_1064,195.9567,26.5112,107.0,234.0,192.5887,20.684,108.0,227.0,192.7247,17.3495,118.0,240.0,193.6112,20.7431,113.027,227.039,5.3827,8.0444,430.2771,0.5831,0.1235,0.8674,970.0,31.1448,1.0,32.0,28.75,21.0,4.0,195.0,1
image_1063,146.0225,24.5268,33.0,201.0,232.2083,34.0045,84.0,255.0,245.9673,20.4073,139.0,255.0,208.0073,28.1384,75.021,231.678,6.5816,13.5867,791.7723,0.6776,0.099,0.7857,888.0,29.7993,1.0,24.0,28.0,5.0,103.0,245.0,1
image_1062,143.7604,56.9715,24.0,220.0,134.1434,57.9597,14.0,213.0,135.0035,50.5694,25.0,206.0,137.1169,56.8032,18.244,214.181,8.8004,10.9988,3226.6037,0.3388,0.0413,0.999,1423.0,37.7227,1.0,104.0,105.5,92.0,16.0,143.0,1
image_1119,222.4543,20.9148,93.0,251.0,227.3795,23.9876,81.0,255.0,231.7191,21.7102,105.0,255.0,226.4016,22.735,87.324,253.804,5.6427,9.5268,516.8811,0.7962,0.1027,0.9917,4176.0,64.622,1.0,26.0,32.0,28.0,10.0,231.0,1
image_1118,237.1196,15.1702,144.0,255.0,237.2372,16.8191,143.0,255.0,233.4662,19.4645,145.0,255.0,236.7721,15.8764,144.211,255.0,3.6584,6.914,252.0609,0.866,0.1503,0.9003,5249.0,72.45,1.0,13.0,24.0,36.0,4.0,237.0,1
image_1117,222.8309,15.4073,154.0,255.0,228.4728,14.6706,155.0,255.0,234.4823,12.98,158.0,255.0,227.471,14.5859,155.271,255.0,4.321,7.5681,212.7489,0.799,0.1606,0.975,1159.0,34.0441,1.0,16.0,17.0,16.0,13.0,234.0,1
image_1109,159.2857,8.5253,142.0,174.0,173.2857,7.0653,160.0,186.0,194.5,6.1422,184.0,207.0,171.5181,7.2944,157.354,184.219,3.3581,3.5612,53.2086,0.4532,0.1926,0.9485,42.0,6.4807,1.0,15.25,12.5,10.75,46.0,194.0,1
image_1108,229.3573,25.7107,87.0,255.0,219.1663,28.5195,80.0,255.0,209.1523,25.9959,85.0,251.0,221.0718,27.2621,83.25,254.544,4.723,9.4547,743.2207,0.763,0.0836,0.9878,5418.0,73.6071,1.0,13.0,15.0,13.0,22.0,229.0,1
image_1106,122.4515,43.8186,30.0,216.0,142.2858,30.0095,97.0,214.0,133.7888,40.5947,84.0,243.0,135.3867,34.5904,88.342,215.168,5.5494,14.41,1196.4954,0.3003,0.0808,0.9538,1340.0,36.606,1.0,28.0,32.0,35.0,36.0,142.0,1
image_1105,120.0586,74.0273,13.0,242.0,188.9994,33.1284,61.0,248.0,236.9125,19.0539,125.0,255.0,173.8482,37.9619,53.944,244.978,5.1717,7.6417,1441.1046,0.487,0.0446,0.6734,1725.0,41.5331,1.0,162.0,49.0,27.0,125.0,236.0,1
image_1104,142.348,60.0582,47.0,248.0,181.7912,38.7079,94.0,255.0,240.5033,17.5937,149.0,255.0,176.6909,40.6824,90.207,252.907,6.1311,10.7823,1655.0585,0.5056,0.0355,0.9699,1049.0,32.3883,1.0,117.0,68.0,15.0,104.0,240.0,1
image_1102,208.0349,44.0914,80.0,255.0,173.9166,38.9463,58.0,255.0,197.3325,43.3673,71.0,255.0,186.7874,37.5343,67.217,255.0,9.2954,13.2661,1408.8256,0.5582,0.0731,0.6461,2950.0,54.3139,1.0,77.0,59.0,70.0,43.0,208.0,1
image_1101,245.4393,8.6133,205.0,255.0,247.7436,7.6983,207.0,255.0,243.5436,9.4459,202.0,255.0,246.5758,8.0149,205.832,255.0,3.7207,4.7078,64.2393,0.936,0.2066,0.9464,585.0,24.1868,1.0,10.0,10.0,13.0,4.0,247.0,1
image_1100,207.5766,21.8691,118.0,244.0,193.1169,23.6548,101.0,235.0,184.3887,22.2809,94.0,232.0,196.4453,22.8468,105.285,236.893,7.0625,10.0148,521.9748,0.6015,0.1257,0.9868,1181.0,34.3657,1.0,31.0,30.0,24.0,28.0,207.0,1
image_1099,161.6699,83.0159,26.0,239.0,182.9509,46.9618,90.0,236.0,215.2237,12.784,164.0,244.0,180.267,51.5713,91.031,235.729,2.7188,4.5476,2659.6008,0.5407,0.0269,0.9933,4090.0,63.9531,1.0,180.75,101.0,19.0,64.0,215.0,1
image_1098,215.7041,32.5896,22.0,248.0,205.3882,33.6717,28.0,255.0,198.0369,31.7142,18.0,255.0,207.6346,32.9515,25.066,252.907,8.093,16.0014,1085.8001,0.6797,0.1381,0.9828,1355.0,36.8103,1.0,18.0,17.0,16.0,20.0,215.0,1
image_1097,210.9006,30.7426,94.0,250.0,200.9807,31.1062,77.0,246.0,193.043,26.3219,85.0,233.0,203.0418,30.3779,82.995,245.116,8.1992,12.5515,922.819,0.6482,0.0797,0.9929,4136.0,64.3117,1.0,47.0,45.0,34.0,21.0,210.0,1
image_1096,211.3373,10.2467,186.0,229.0,198.6024,10.6216,170.0,218.0,192.5542,9.367,172.0,214.0,201.7207,10.2204,175.126,220.833,8.8786,7.3303,104.4556,0.6274,0.1898,0.962,83.0,9.1104,1.0,15.0,14.0,12.5,23.0,211.0,1
image_1088,231.2395,26.3127,138.0,255.0,234.9087,18.747,126.0,255.0,233.024,20.5702,121.0,255.0,233.5967,19.1173,130.072,255.0,6.5286,10.8875,365.4721,0.8448,0.1363,0.6954,668.0,25.8457,1.0,23.0,24.0,28.0,3.0,234.0,1
image_1142,181.0431,57.7135,22.0,254.0,174.1339,63.8054,0.0,255.0,173.516,57.842,18.0,249.0,176.1293,61.2206,8.63,252.251,9.9284,15.0704,3747.9617,0.5347,0.0539,0.9967,1994.0,44.6542,1.0,79.0,84.0,74.0,11.0,181.0,1
image_1141,240.033,9.5956,183.0,251.0,246.8462,10.8475,188.0,255.0,250.1429,9.4411,194.0,255.0,245.1848,10.1709,187.189,253.804,6.9495,10.5229,103.4464,0.9261,0.2798,0.9384,91.0,9.5394,1.0,7.5,6.0,6.0,10.0,250.0,1
image_1140,231.7345,18.6961,55.0,255.0,231.8883,20.1896,40.0,255.0,229.5022,18.1777,59.0,255.0,231.5703,19.4638,46.651,255.0,3.8069,7.2704,378.8394,0.8305,0.1343,0.9942,2927.0,54.1018,1.0,23.0,24.0,20.0,2.0,231.0,1
image_1139,223.3707,14.9398,185.0,255.0,218.592,17.8908,172.0,255.0,216.0785,20.4442,161.0,254.0,219.7343,16.8958,177.866,254.202,4.9836,5.9117,285.4683,0.7469,0.1389,0.9523,777.0,27.8747,1.0,21.0,24.0,31.0,8.0,223.0,1
image_1131,249.2525,10.1336,107.0,255.0,252.0464,9.0491,100.0,255.0,252.9643,7.3749,116.0,255.0,251.3156,9.0266,103.917,255.0,2.4034,7.6619,81.4793,0.9726,0.2792,0.9433,1121.0,33.4813,1.0,8.0,2.0,2.0,3.0,252.0,1
image_1130,210.1384,30.538,104.0,255.0,200.6873,33.514,100.0,255.0,197.7144,30.5338,98.0,255.0,203.1743,32.1746,102.792,255.0,9.4837,15.0796,1035.2062,0.6507,0.0814,0.9916,2031.0,45.0666,1.0,42.0,45.0,36.0,16.0,210.0,1
image_1129,197.9913,57.5224,18.0,255.0,206.1755,40.5625,48.0,255.0,211.6575,35.0178,72.0,255.0,204.3534,43.5637,55.769,255.0,5.7306,9.3973,1897.8002,0.6714,0.0573,0.8772,4041.0,63.5689,1.0,75.0,68.0,53.0,17.0,211.0,1
image_1128,215.11,30.5622,105.0,251.0,209.156,27.5949,111.0,247.0,206.3223,19.8215,135.0,244.0,210.6132,27.4702,111.942,247.854,7.3061,8.2565,754.6115,0.6938,0.1113,0.9902,391.0,19.7737,1.0,18.0,21.0,20.0,11.0,215.0,1
image_1127,191.8386,44.1499,29.0,255.0,190.204,39.1748,6.0,248.0,193.3326,31.8712,27.0,255.0,191.0494,38.746,15.869,250.891,7.7824,12.565,1501.2493,0.5844,0.0683,0.9351,4324.0,65.7571,1.0,74.0,51.0,31.0,4.0,193.0,1
image_1126,150.1371,27.2896,28.0,219.0,150.8457,29.238,19.0,221.0,168.4857,29.0206,40.0,238.0,152.6448,28.5732,24.085,222.041,15.0708,21.2339,816.4273,0.3709,0.2048,0.9939,175.0,13.2288,1.0,12.5,12.5,16.0,27.0,168.0,1
image_1125,236.1313,26.9142,70.0,254.0,238.5012,29.9102,54.0,255.0,239.5394,27.7695,65.0,255.0,237.9109,28.7348,60.038,254.701,6.0954,13.1894,825.6889,0.8832,0.1275,0.9962,1257.0,35.4542,1.0,13.0,15.0,16.0,3.0,239.0,1
image_1124,186.7289,55.7521,53.0,255.0,179.5904,63.4021,34.0,255.0,185.5,58.6341,49.0,255.0,182.3985,60.5421,41.978,255.0,25.607,28.0298,3665.35,0.568,0.0507,0.9979,166.0,12.8841,1.0,86.0,99.5,88.75,10.0,186.0,1
image_1123,229.7981,13.9217,158.0,244.0,229.6635,14.3364,156.0,244.0,231.3365,14.2556,159.0,247.0,229.8944,14.1145,156.94,244.228,6.9279,10.5122,199.2196,0.8159,0.2249,0.9746,104.0,10.198,1.0,6.25,6.0,8.0,2.0,231.0,1
image_1122,206.2761,53.3041,6.0,255.0,213.073,32.6413,88.0,254.0,218.1766,18.07,143.0,255.0,211.6225,36.0612,71.918,254.413,5.7375,12.0075,1300.408,0.7087,0.0748,0.9508,1246.0,35.2987,1.0,39.0,37.0,23.0,14.0,218.0,1
image_1121,233.0806,25.1762,80.0,255.0,231.5808,29.5454,58.0,255.0,231.2608,30.1276,70.0,255.0,231.9928,28.1335,65.946,255.0,5.9901,13.1457,791.4961,0.8399,0.0914,0.9814,2209.0,47.0,1.0,27.0,35.0,39.0,2.0,233.0,1
image_1120,227.8823,42.1126,54.0,255.0,223.3724,47.1662,34.0,255.0,221.2926,42.6023,46.0,255.0,224.4838,44.9643,43.223,255.0,7.8428,16.8708,2021.7885,0.8061,0.0658,0.9926,2167.0,46.551,1.0,38.5,49.0,47.5,7.0,227.0,1
image_1167,199.4548,40.4144,64.0,237.0,189.2599,41.2016,51.0,228.0,188.8729,35.7739,68.0,227.0,192.264,40.3137,57.124,229.893,11.6863,16.8644,1625.1976,0.5935,0.0565,0.9983,354.0,18.8149,1.0,40.0,38.75,29.75,14.0,199.0,1
image_1166,152.8137,26.9453,65.0,207.0,143.2721,30.1575,55.0,201.0,146.9093,28.8748,63.0,205.0,146.5397,29.0054,58.902,203.25,15.5295,16.8114,841.3122,0.3432,0.0841,0.9933,408.0,20.199,1.0,43.0,50.25,46.25,15.0,152.0,1
image_1165,181.8527,76.2121,25.0,255.0,216.6955,43.5472,36.0,255.0,237.148,22.2778,68.0,255.0,208.6091,47.3405,38.153,255.0,5.5756,12.9096,2241.1274,0.7037,0.0471,0.844,4121.0,64.195,1.0,109.0,66.0,30.0,60.0,237.0,1
image_1164,180.9186,28.0273,24.0,255.0,142.3973,41.5221,20.0,253.0,163.6594,39.9012,8.0,255.0,156.339,35.3604,19.828,247.857,6.8015,11.8376,1250.3607,0.3951,0.1188,0.7021,2064.0,45.4313,1.0,17.0,22.0,19.0,54.0,180.0,1
image_1163,176.2939,43.5359,19.0,233.0,168.1574,45.1222,9.0,247.0,166.2249,41.8605,17.0,234.0,170.3699,44.0887,12.902,238.94,11.6052,20.2707,1943.8163,0.4763,0.0855,0.9844,1436.0,37.8946,1.0,29.0,39.0,39.0,14.0,176.0,1
image_1160,185.6623,44.6493,11.0,255.0,188.4654,51.0038,18.0,255.0,189.8325,59.3833,0.0,255.0,187.7831,46.794,34.807,254.544,10.1714,16.9946,2189.6762,0.576,0.0614,0.7457,3713.0,60.9344,1.0,41.0,57.0,72.0,5.0,189.0,1
image_1154,231.5437,14.3317,181.0,255.0,235.4,13.6612,184.0,254.0,236.9625,13.1752,191.0,255.0,234.4251,13.7264,183.901,254.413,8.2296,7.4528,188.413,0.848,0.1639,0.9793,160.0,12.6491,1.0,15.25,16.0,16.0,5.0,236.0,1
image_1153,208.0886,30.694,87.0,255.0,197.698,32.2987,70.0,255.0,190.9324,29.058,78.0,250.0,200.0335,31.319,75.995,254.43,11.3916,14.3343,980.8771,0.6304,0.0904,0.9887,2990.0,54.6809,1.0,47.0,50.0,43.0,22.0,208.0,1
image_1151,202.0749,44.4816,66.0,255.0,195.3764,54.3856,36.0,255.0,195.1321,50.0388,49.0,255.0,197.3514,50.8435,50.338,255.0,8.1011,15.1585,2585.064,0.6387,0.0648,0.9928,2869.0,53.563,1.0,57.0,65.0,66.0,9.0,202.0,1
image_1150,176.7574,35.9791,60.0,223.0,170.2671,51.3007,34.0,238.0,176.7923,54.4343,45.0,255.0,172.9516,45.9456,48.795,230.669,7.6631,15.1753,2110.9976,0.4925,0.0713,0.9164,5306.0,72.8423,1.0,35.0,41.0,66.0,9.0,176.0,1
image_1149,139.5513,50.4976,41.0,239.0,175.791,28.5818,73.0,231.0,209.5372,38.5885,90.0,255.0,168.8024,29.1882,75.835,232.951,10.0667,12.4509,851.9525,0.4513,0.1051,0.5556,780.0,27.9285,1.0,90.0,35.0,61.0,85.0,209.0,1
image_1147,171.9382,50.3283,22.0,255.0,171.2789,63.2681,6.0,246.0,181.8422,59.0132,19.0,253.0,172.6803,58.6364,12.266,244.164,16.2604,25.604,3438.2237,0.5114,0.043,0.9802,2022.0,44.9667,1.0,42.0,60.0,57.75,14.0,181.0,1
image_1146,188.2851,31.4416,68.0,244.0,178.2092,33.7344,52.0,247.0,181.0253,32.3159,55.0,251.0,181.5429,32.7806,57.126,245.961,15.8556,16.8693,1074.5706,0.5234,0.0806,0.9898,435.0,20.8567,1.0,44.0,48.0,44.5,14.0,188.0,1
image_1145,201.8123,28.9634,88.0,255.0,186.5527,50.6644,26.0,255.0,182.1516,43.5266,44.0,255.0,190.6136,43.0377,48.932,253.804,6.4912,18.7468,1852.2469,0.5872,0.0845,0.959,2019.0,44.9333,1.0,25.5,25.0,23.0,24.0,201.0,1
image_1144,180.7025,80.9774,29.0,255.0,229.2653,35.649,121.0,255.0,250.4934,10.0265,121.0,255.0,217.165,44.8568,110.85,255.0,6.0789,15.2925,2012.1351,0.7562,0.0523,0.9277,4554.0,67.4833,1.0,167.0,69.0,4.0,71.0,250.0,1
image_1143,188.6051,13.1273,125.0,222.0,131.0278,14.5917,70.0,165.0,157.4864,12.704,93.0,187.0,151.2597,13.8219,89.067,183.981,4.9113,5.0102,191.0458,0.3548,0.1604,0.9692,1869.0,43.2319,1.0,17.0,21.0,18.0,77.0,188.0,1
image_1189,155.1768,28.0772,55.0,237.0,136.9375,29.6388,34.0,219.0,139.1688,26.5479,43.0,217.0,142.6454,28.7753,41.305,224.154,12.1363,11.2178,828.0188,0.3257,0.0867,0.9955,5119.0,71.5472,1.0,39.0,43.0,38.0,31.0,155.0,1
image_1188,209.6061,60.1763,42.0,255.0,204.4144,36.3216,36.0,255.0,205.6758,18.6353,29.0,250.0,206.1105,38.7431,37.893,253.518,7.8598,13.9298,1501.0302,0.6764,0.0762,0.9747,2838.0,53.2729,1.0,29.0,30.0,17.0,6.0,209.0,1
image_1186,134.4418,46.6673,0.0,220.0,145.1568,53.0358,0.0,211.0,170.3749,51.6473,14.0,230.0,144.8279,50.7141,1.895,213.786,15.9347,28.0293,2571.9227,0.3621,0.0633,0.9785,2870.0,53.5724,1.0,29.0,36.0,34.0,54.0,170.0,1
image_1185,132.4534,48.9486,1.0,218.0,128.1455,48.541,15.0,210.0,147.9963,51.8797,37.0,255.0,131.6966,46.445,22.89,213.874,31.7891,30.1497,2157.136,0.2999,0.0652,0.7945,536.0,23.1517,1.0,76.25,76.25,81.25,33.0,147.0,1
image_1184,186.5097,35.1478,49.0,255.0,178.8431,36.6295,36.0,255.0,176.7794,32.1743,53.0,255.0,180.9002,35.6152,41.825,254.544,12.1366,15.7748,1268.4399,0.5228,0.0742,0.9955,6559.0,80.9877,1.0,52.0,55.0,47.0,14.0,186.0,1
image_1183,248.6807,7.8733,218.0,255.0,250.1212,7.4157,216.0,255.0,248.2564,8.0145,217.0,255.0,249.4779,7.5724,216.712,255.0,2.499,4.2504,57.3418,0.958,0.1952,0.9755,858.0,29.2916,1.0,11.0,7.0,11.0,2.0,250.0,1
image_1182,205.2209,25.6597,142.0,255.0,203.2406,26.3255,141.0,255.0,199.215,25.378,137.0,251.0,203.3738,25.994,140.843,254.544,11.8595,10.936,675.6894,0.6465,0.1025,0.9965,507.0,22.5167,1.0,35.5,37.0,34.0,7.0,205.0,1
image_1177,251.1673,10.9815,169.0,255.0,250.0892,11.8406,163.0,255.0,237.8439,13.8246,149.0,255.0,249.0156,11.6555,163.198,255.0,3.9501,8.0118,135.8508,0.9557,0.2458,0.9761,538.0,23.1948,1.0,3.0,4.0,10.0,14.0,251.0,1
image_1176,252.1069,10.8026,87.0,255.0,252.5862,9.9912,119.0,255.0,252.1416,10.667,96.0,255.0,252.3922,10.2273,106.81,255.0,2.3307,8.3957,104.598,0.9813,0.33,0.9747,5044.0,71.0211,1.0,1.0,1.0,2.0,0.0,252.0,1
image_1174,226.7846,42.139,125.0,255.0,246.9392,12.4501,202.0,255.0,253.1449,2.874,240.0,255.0,241.6204,19.6886,184.847,255.0,1.5699,3.3347,387.6403,0.9038,0.0742,0.9443,1249.0,35.3412,1.0,81.0,15.0,2.0,27.0,253.0,1
image_1173,131.8464,24.6439,68.0,175.0,210.3105,21.4012,149.0,243.0,252.7549,3.6122,233.0,255.0,191.6884,19.8958,135.867,224.036,5.7681,8.4696,395.8444,0.5712,0.1339,0.9751,306.0,17.4929,1.0,36.0,27.75,3.0,122.0,252.0,1
image_1172,233.0,0.0,233.0,233.0,232.0,0.0,232.0,232.0,230.0,0.0,230.0,230.0,232.071,0.0,232.071,232.071,0.0,0.0,0.0,0.8282,1.0,0.0,1.0,1.0,1.0,0.0,0.0,0.0,3.0,233.0,1
image_1171,202.5018,31.0247,93.0,255.0,189.6688,36.2619,73.0,255.0,185.3218,35.4154,80.0,253.0,193.0103,34.4886,80.006,254.544,8.6185,9.0254,1189.4615,0.5912,0.0892,0.991,4145.0,64.3817,1.0,43.0,55.0,56.0,21.0,202.0,1
image_1170,221.1615,24.1018,110.0,246.0,222.927,24.5601,112.0,252.0,232.615,22.6375,125.0,255.0,223.5035,24.1513,112.884,250.206,11.7812,18.0184,583.287,0.7772,0.0993,0.9928,452.0,21.2603,1.0,16.25,15.0,12.0,12.0,232.0,1
image_1169,160.8585,26.0342,81.0,205.0,151.2642,27.7653,70.0,203.0,159.1792,26.2566,76.0,206.0,155.0352,27.0315,73.973,203.94,18.5251,15.5821,730.7036,0.3809,0.0954,0.9949,106.0,10.2956,1.0,37.25,40.0,38.0,14.0,160.0,1
image_1168,175.9882,22.0582,113.0,214.0,170.8412,24.0202,102.0,215.0,177.6882,22.926,110.0,219.0,173.1607,23.2622,106.201,215.157,15.5573,15.8284,541.129,0.4694,0.1158,0.9915,170.0,13.0384,1.0,24.75,27.0,25.0,10.0,177.0,1
image_1212,241.5504,15.1369,143.0,255.0,239.8228,18.8805,137.0,255.0,239.8382,20.9941,137.0,255.0,240.3411,17.8506,138.794,255.0,3.0108,4.4435,318.6449,0.8932,0.0974,0.9712,1428.0,37.7889,1.0,21.0,28.0,31.0,2.0,241.0,1
image_1210,245.7711,21.1233,82.0,255.0,246.7363,24.6842,65.0,255.0,245.5285,23.9283,70.0,255.0,246.31,23.3936,70.767,255.0,3.8105,12.4357,547.2591,0.9414,0.1385,0.9787,2704.0,52.0,1.0,6.0,3.0,5.0,1.0,246.0,1
image_1207,224.0752,46.7729,73.0,255.0,220.6682,56.8093,32.0,255.0,220.5371,52.603,43.0,255.0,221.672,52.8718,46.866,255.0,7.2383,18.2636,2795.4324,0.7987,0.0686,0.9682,4042.0,63.5767,1.0,47.75,38.0,39.0,5.0,224.0,1
image_1206,231.2317,26.7778,42.0,255.0,228.0185,25.2259,89.0,255.0,220.9533,23.1882,90.0,255.0,228.1738,24.9332,89.712,255.0,6.5603,13.2107,621.665,0.8102,0.0812,0.9484,1135.0,33.6898,1.0,27.0,33.0,34.0,12.0,231.0,1
image_1205,139.062,17.7634,87.0,198.0,151.1225,18.9129,96.0,200.0,175.5174,18.8992,117.0,215.0,150.2975,18.2967,96.991,201.112,8.4739,11.2474,334.7696,0.3525,0.1475,0.9451,661.0,25.7099,1.0,17.0,21.0,26.0,52.0,175.0,1
image_1204,246.2053,5.6939,229.0,255.0,254.2243,1.5041,243.0,255.0,254.1432,1.589,240.0,255.0,251.8174,2.1875,238.928,255.0,1.0179,1.5486,4.7853,0.9753,0.4624,0.2412,1676.0,40.939,1.0,9.0,1.0,1.0,8.0,254.0,1
image_1203,218.8967,18.4717,120.0,251.0,228.463,26.3619,106.0,255.0,226.6656,30.5464,106.0,255.0,225.3977,22.5821,110.186,253.804,7.8379,11.2865,509.9501,0.7891,0.0985,0.643,1229.0,35.0571,1.0,22.0,44.0,54.0,11.0,228.0,1
image_1202,174.6247,39.6514,62.0,255.0,163.8892,41.4315,54.0,255.0,161.4001,35.4648,54.0,253.0,166.8154,40.1602,58.153,254.772,9.0988,11.7776,1612.8395,0.4528,0.0659,0.9951,3954.0,62.8808,1.0,63.0,66.0,54.0,19.0,174.0,1
image_1201,238.4891,15.2257,182.0,255.0,237.5808,15.1423,181.0,255.0,231.6492,14.7949,179.0,255.0,237.1762,15.0547,181.071,255.0,6.5307,8.2726,226.6437,0.8686,0.1576,0.9932,687.0,26.2107,1.0,20.5,19.0,18.0,8.0,238.0,1
image_1197,197.7659,38.7522,129.0,255.0,244.0017,10.8625,173.0,255.0,252.1617,7.5101,173.0,255.0,231.1074,16.9163,173.0,255.0,2.4893,5.3827,286.1629,0.8258,0.0782,0.7266,3580.0,59.8331,1.0,87.0,19.0,3.0,56.0,252.0,1
image_1196,93.3636,63.6665,27.0,255.0,217.0863,12.8914,155.0,255.0,247.8393,14.7813,146.0,255.0,183.5991,22.7105,135.907,254.772,4.3111,5.6954,515.768,0.5263,0.1196,0.4948,1587.0,39.8372,1.0,27.0,13.0,5.0,159.0,247.0,1
image_1195,228.4506,9.8538,192.0,246.0,222.7418,14.088,177.0,245.0,213.3405,16.9109,168.0,241.0,223.377,12.9484,180.687,244.843,4.4688,4.9444,167.6601,0.7699,0.1138,0.9365,790.0,28.1069,1.0,14.0,24.0,31.0,17.0,228.0,1
image_1194,190.1667,45.5961,29.0,242.0,177.0511,48.9779,9.0,238.0,172.8534,40.9879,34.0,233.0,180.4941,46.9777,17.83,237.811,11.6947,13.9438,2206.9031,0.5349,0.0615,0.9963,1194.0,34.5543,1.0,44.0,46.75,37.0,24.0,190.0,1
image_1193,241.0014,5.0845,211.0,255.0,240.1199,4.8763,210.0,255.0,236.189,5.161,206.0,252.0,239.9353,4.8088,209.843,254.202,2.4199,3.2287,23.1245,0.8857,0.3371,0.8836,709.0,26.6271,1.0,6.0,7.0,5.0,5.0,241.0,1
image_1192,115.9974,81.2304,0.0,246.0,125.7634,70.2308,2.0,248.0,170.9889,46.6915,26.0,243.0,127.9991,68.9595,13.6,246.148,9.0092,17.8255,4755.4104,0.3251,0.0369,0.9743,2333.0,48.3011,1.0,186.0,146.0,61.0,83.0,170.0,1
image_1191,244.2662,17.7097,136.0,255.0,242.5208,19.6154,125.0,255.0,238.1692,20.0414,113.0,255.0,242.5466,18.9984,128.061,255.0,4.693,9.5093,360.9386,0.9103,0.1431,0.9847,2423.0,49.224,1.0,12.0,15.0,17.0,6.0,244.0,1
image_1239,249.5636,8.0048,216.0,255.0,245.8454,8.9753,207.0,255.0,241.2568,8.8325,201.0,255.0,246.4341,8.5071,209.605,254.772,3.8864,4.5302,72.3711,0.9351,0.2263,0.9157,841.0,29.0,1.0,7.0,11.0,10.0,8.0,249.0,1
image_1238,230.3454,10.9356,163.0,255.0,228.6443,11.3357,165.0,255.0,223.3518,11.3177,160.0,253.0,228.5496,11.1492,163.832,254.43,3.8424,4.9127,124.305,0.8052,0.1692,0.9817,776.0,27.8568,1.0,16.0,17.0,16.0,8.0,230.0,1
image_1237,238.7978,16.8708,140.0,255.0,245.7798,15.0867,148.0,255.0,247.1841,13.7286,150.0,255.0,243.8523,15.3422,145.836,254.701,7.4587,12.1623,235.3827,0.9181,0.143,0.9725,277.0,16.6433,1.0,11.0,9.0,9.0,9.0,247.0,1
image_1235,209.5776,28.6303,108.0,255.0,196.4256,29.808,97.0,255.0,187.3752,25.1815,95.0,241.0,199.3263,28.8321,100.061,252.834,9.1909,11.3124,831.2901,0.6238,0.0959,0.9904,3409.0,58.3866,1.0,38.0,40.0,33.0,27.0,209.0,1
image_1233,229.0732,24.742,125.0,255.0,230.0902,25.0248,122.0,255.0,224.1627,21.4834,129.0,251.0,229.1104,24.5008,123.695,254.544,8.263,12.0488,600.2885,0.8165,0.105,0.9981,1297.0,36.0139,1.0,28.0,29.0,25.0,7.0,230.0,1
image_1231,42.9431,6.8084,16.0,69.0,117.8844,14.1655,43.0,137.0,239.2459,19.308,136.0,255.0,109.3122,11.7082,45.828,127.728,4.6959,7.4758,137.0821,0.1859,0.1972,0.6135,545.0,23.3452,1.0,7.0,14.0,22.0,210.0,239.0,1
image_1230,64.3653,61.9014,19.0,248.0,125.9419,41.1569,47.0,244.0,234.4563,17.8355,142.0,255.0,119.9011,42.3463,53.046,243.828,2.4651,5.5542,1793.2117,0.2487,0.1267,0.9703,1429.0,37.8021,1.0,13.0,16.0,22.0,185.0,234.0,1
image_1229,191.3865,37.3415,81.0,251.0,185.3247,47.9797,57.0,245.0,188.5782,47.5064,61.0,255.0,187.5081,44.0685,68.22,242.753,12.2928,18.3795,1942.0318,0.5706,0.0529,0.9482,1700.0,41.2311,1.0,54.25,68.0,61.25,8.0,191.0,1
image_1228,165.6713,29.5658,69.0,211.0,167.1517,50.5975,33.0,228.0,182.4663,53.2673,43.0,244.0,168.4549,44.4182,44.904,224.741,10.7338,11.8681,1972.9722,0.4667,0.0596,0.9745,356.0,18.868,1.0,28.25,38.25,35.25,24.0,182.0,1
image_1225,239.8292,12.9601,173.0,255.0,238.8653,15.5107,166.0,255.0,235.3736,18.5159,160.0,255.0,238.7554,14.9647,167.409,255.0,4.3238,8.004,223.9412,0.8801,0.1165,0.9719,720.0,26.8328,1.0,21.0,27.0,35.0,4.0,239.0,1
image_1223,224.7479,20.6209,127.0,255.0,214.1233,22.59,113.0,255.0,203.4287,19.9782,110.0,243.0,216.0809,21.6318,116.844,253.632,7.5004,10.4101,467.934,0.7252,0.1331,0.9871,1654.0,40.6694,1.0,22.0,24.0,20.0,24.0,224.0,1
image_1222,192.6196,37.1305,74.0,255.0,183.0818,41.1386,56.0,255.0,179.0456,39.2801,68.0,255.0,185.4735,39.6202,62.75,255.0,8.728,11.7026,1569.7597,0.5532,0.0993,0.9931,1906.0,43.6578,1.0,45.0,43.0,37.0,17.0,192.0,1
image_1219,222.9467,17.5645,147.0,252.0,221.3254,17.5569,143.0,250.0,209.8994,16.2883,140.0,238.0,220.5076,17.3559,143.854,249.23,12.1459,9.7994,301.2261,0.7524,0.1275,0.9967,169.0,13.0,1.0,24.0,21.0,23.0,15.0,222.0,1
image_1218,211.6993,36.0115,66.0,255.0,214.1456,35.9029,65.0,255.0,214.2554,33.5558,71.0,255.0,213.4267,35.5869,65.983,254.772,12.4029,14.6998,1266.4309,0.72,0.0864,0.995,419.0,20.4695,1.0,46.0,46.0,47.5,4.0,214.0,1
image_1215,247.6023,16.7547,137.0,255.0,246.9529,19.6628,128.0,255.0,245.2824,20.8885,133.0,255.0,246.9567,18.8442,131.261,255.0,2.3187,7.212,355.1025,0.9434,0.1233,0.9859,3314.0,57.5674,1.0,5.0,2.0,4.0,2.0,247.0,1
image_1213,209.1879,13.8931,139.0,236.0,202.2083,16.3587,126.0,228.0,196.8288,16.9686,113.0,224.0,203.6819,15.4698,128.704,227.843,5.364,7.0044,239.3157,0.6417,0.1527,0.9446,1320.0,36.3318,1.0,14.0,16.0,18.0,16.0,209.0,1
image_1287,142.1804,24.0836,54.0,255.0,170.9806,47.9255,44.0,255.0,180.8074,47.6441,45.0,255.0,163.4896,34.6408,47.104,254.413,7.0885,10.939,1199.9831,0.4295,0.0666,0.0556,9342.0,96.654,1.0,27.0,89.0,99.0,54.0,180.0,1
image_1271,230.1089,15.1377,146.0,250.0,229.2129,15.5068,138.0,247.0,223.6337,16.7445,135.0,242.0,228.8448,15.4799,140.05,247.327,4.7681,8.0957,239.6266,0.8091,0.1661,0.9859,606.0,24.6171,1.0,12.0,13.75,13.0,8.0,230.0,1
image_1270,253.2276,4.7807,194.0,255.0,254.14,3.9307,198.0,255.0,253.9326,3.4103,207.0,255.0,253.8435,4.0285,197.83,255.0,0.9279,3.176,16.2287,0.9912,0.5426,0.9286,1529.0,39.1024,1.0,1.0,1.0,1.0,1.0,254.0,1
image_1268,252.6516,12.9484,95.0,255.0,252.3087,14.1261,90.0,255.0,252.2407,14.2426,84.0,255.0,252.4035,13.7753,90.811,255.0,1.3522,8.0064,189.7601,0.9827,0.2765,0.9965,5692.0,75.4453,1.0,0.0,0.0,0.0,0.0,252.0,1
image_1261,237.7249,23.235,116.0,255.0,233.2471,24.544,109.0,255.0,217.6013,23.0708,103.0,248.0,232.8023,23.8927,110.409,254.202,5.6428,8.0484,570.8607,0.8423,0.1309,0.9929,607.0,24.6374,1.0,19.0,22.0,22.5,22.0,237.0,1
image_1260,249.7644,26.4694,44.0,255.0,249.4289,28.4822,34.0,255.0,249.5797,26.1934,45.0,255.0,249.5464,27.61,38.244,255.0,1.9886,12.3055,762.3128,0.9694,0.1686,0.999,1392.0,37.3095,1.0,1.0,1.0,1.0,0.0,249.0,1
image_1256,103.2684,8.2279,72.0,123.0,249.4498,7.2152,215.0,255.0,253.7352,1.8132,245.0,255.0,206.2301,6.4618,176.891,214.934,2.276,3.6085,41.7555,0.6547,0.2643,0.7995,827.0,28.7576,1.0,10.0,8.0,2.0,151.0,253.0,1
image_1255,228.0069,40.8404,52.0,255.0,229.3538,42.0834,44.0,255.0,228.7593,41.0323,35.0,255.0,228.8833,41.5633,45.665,255.0,5.503,10.2512,1727.5107,0.8322,0.0646,0.9979,1450.0,38.0789,1.0,37.0,35.0,35.75,1.0,229.0,1
image_1251,254.5067,1.1476,240.0,255.0,254.6413,1.1893,237.0,255.0,252.1058,2.7351,230.0,255.0,254.312,1.1843,237.099,255.0,0.5025,1.257,1.4026,0.9946,0.6922,0.6886,2013.0,44.8665,1.0,1.0,0.0,4.0,2.0,254.0,1
image_1249,166.8574,78.9485,18.0,255.0,203.7338,57.7116,30.0,255.0,198.1949,81.4627,0.0,255.0,192.0763,60.1776,22.992,255.0,13.8286,22.9702,3621.3457,0.6231,0.0479,0.6341,1108.0,33.2866,1.0,168.0,63.25,80.25,46.0,203.0,1
image_1248,71.5248,9.5419,41.0,136.0,225.2421,11.3918,177.0,240.0,252.9291,3.9958,218.0,255.0,182.437,7.2197,151.981,192.995,1.9965,3.2266,52.1236,0.5127,0.2031,-0.1092,987.0,31.4166,1.0,10.0,12.0,3.0,183.0,252.0,1
image_1247,169.4229,32.4331,95.0,246.0,153.6517,32.4732,80.0,228.0,146.398,27.8139,82.0,210.0,157.5404,31.8666,84.827,231.102,15.4868,16.1203,1015.4802,0.3973,0.1016,0.9946,201.0,14.1774,1.0,44.0,46.0,40.0,35.0,169.0,1
image_1244,238.102,7.0214,209.0,249.0,252.42,3.8635,231.0,255.0,253.7877,1.987,240.0,255.0,248.2948,4.366,226.018,252.907,1.9762,2.4804,19.0616,0.9484,0.3255,0.8697,1069.0,32.6956,1.0,8.0,3.0,2.0,15.0,253.0,1
image_1242,111.9153,36.2486,59.0,252.0,216.7394,20.6259,104.0,255.0,242.4619,25.468,116.0,255.0,188.3293,13.3798,108.956,254.103,6.5263,8.2064,179.0181,0.5482,0.2073,-0.4575,944.0,30.7246,1.0,20.0,14.0,8.0,138.0,242.0,1
image_1241,207.3042,22.3124,109.0,253.0,214.2442,30.5619,99.0,252.0,221.1928,36.0265,100.0,255.0,212.9613,27.9416,102.104,246.96,5.3669,10.9242,780.7322,0.7095,0.0756,0.8979,1867.0,43.2088,1.0,30.0,49.0,60.0,16.0,221.0,1
image_1240,198.5242,45.2261,95.0,255.0,181.9573,48.7842,60.0,249.0,172.4646,39.8462,67.0,232.0,185.8286,46.281,71.263,248.172,15.5117,17.6374,2141.9348,0.564,0.0764,0.9758,889.0,29.8161,1.0,69.0,63.0,51.0,33.0,198.0,1
image_1310,121.9136,37.5833,33.0,255.0,122.9756,35.6841,37.0,255.0,132.4114,32.4483,44.0,255.0,123.7337,35.5471,40.902,252.378,10.7775,10.9034,1263.5946,0.2549,0.1082,0.9857,11911.0,109.1375,1.0,38.0,37.0,32.0,21.0,132.0,1
image_1309,116.753,41.1802,0.0,255.0,112.7523,36.409,0.0,254.0,114.2449,34.5168,0.0,251.0,114.1187,36.9207,0.299,253.387,12.0992,14.9216,1363.1354,0.2212,0.0714,0.9681,17416.0,131.9697,1.0,66.0,55.0,44.0,9.0,116.0,1
image_1308,169.3746,66.5929,0.0,255.0,169.2469,66.9,5.0,255.0,173.804,63.0328,0.0,255.0,169.8046,66.2702,2.935,255.0,11.3207,19.9831,4391.7361,0.511,0.0284,0.9958,16502.0,128.4601,1.0,139.0,141.0,129.0,6.0,173.0,1
image_1307,89.1547,46.4445,0.0,248.0,88.0645,49.0986,3.0,254.0,91.9868,52.4778,0.0,255.0,88.8376,48.4565,1.761,251.146,11.8088,17.4545,2348.0355,0.1575,0.0902,0.9841,5984.0,77.3563,1.0,22.0,22.0,23.0,8.0,91.0,1
image_1303,132.1638,51.4507,11.0,255.0,134.8685,52.0663,2.0,255.0,144.2592,48.0604,10.0,255.0,135.1303,51.1765,12.181,255.0,7.7022,12.9298,2619.0314,0.3211,0.0716,0.9867,27559.0,166.009,1.0,56.0,52.0,46.0,21.0,144.0,1
image_1302,227.2451,36.5597,114.0,255.0,224.1265,39.0662,106.0,255.0,221.4427,39.6636,104.0,255.0,224.753,38.3637,108.164,255.0,12.6716,18.2184,1471.7737,0.7995,0.0439,0.998,253.0,15.906,1.0,54.0,58.0,58.0,7.0,227.0,1
image_1300,114.231,24.2906,27.0,255.0,113.8228,24.0046,29.0,255.0,122.8969,23.4895,16.0,255.0,114.9793,23.8613,26.92,255.0,13.979,11.9571,569.3606,0.2121,0.1242,0.9865,11120.0,105.4514,1.0,28.0,27.0,26.0,19.0,122.0,1
image_1299,117.3806,21.431,61.0,206.0,114.9028,18.5854,61.0,206.0,119.8205,15.8234,71.0,206.0,116.2042,18.8688,62.14,206.0,6.2474,7.8774,356.0306,0.2131,0.1381,0.9707,1666.0,40.8167,1.0,29.0,22.0,15.0,11.0,119.0,1
image_1296,205.5818,36.7499,148.0,255.0,205.4061,36.3315,143.0,255.0,208.397,34.3767,147.0,255.0,205.7996,36.1919,145.179,255.0,20.1105,20.8168,1309.851,0.6715,0.0579,0.9965,330.0,18.1659,1.0,78.0,76.0,72.0,4.0,208.0,1
image_1295,159.1614,20.159,58.0,255.0,154.6932,21.0064,51.0,253.0,161.5666,20.5088,51.0,253.0,156.8128,20.5191,54.854,253.598,20.8095,13.3576,421.0342,0.3846,0.1181,0.9642,9887.0,99.4334,1.0,28.0,28.0,28.0,11.0,161.0,1
image_1294,157.2255,18.709,62.0,255.0,153.0741,19.2945,49.0,251.0,158.5073,18.9431,57.0,254.0,154.9348,18.9369,53.913,250.146,19.1262,12.5623,358.6068,0.3747,0.1256,0.9718,7580.0,87.0632,1.0,26.0,26.0,26.0,8.0,158.0,1
image_1293,202.7194,38.1462,83.0,255.0,206.7636,38.9125,78.0,255.0,210.4388,36.736,85.0,255.0,205.9734,38.3927,80.293,254.772,8.4151,11.1179,1474.0023,0.6751,0.0387,0.9959,588.0,24.2487,1.0,70.25,74.0,70.0,10.0,210.0,1
image_1292,113.6577,38.8949,32.0,252.0,116.6629,38.7233,29.0,255.0,130.0799,35.1799,38.0,255.0,117.2939,38.1415,30.923,254.103,8.6899,11.1009,1454.7747,0.234,0.0911,0.9826,14781.0,121.5771,1.0,37.0,33.0,28.0,33.0,130.0,1
image_1291,193.6326,49.1966,68.0,255.0,221.2246,42.5918,85.0,255.0,223.0564,40.2456,76.0,255.0,213.1835,39.2264,87.277,255.0,4.7733,8.0564,1538.7134,0.7226,0.0694,0.5157,5262.0,72.5396,1.0,105.0,75.0,66.75,34.0,223.0,1
image_1290,136.5357,38.9943,0.0,255.0,201.0671,60.0004,7.0,255.0,205.1659,60.7578,0.0,255.0,182.2394,46.7475,4.109,255.0,5.8861,12.2158,2185.3287,0.5444,0.0372,0.2802,14451.0,120.2123,1.0,29.0,105.0,101.0,86.0,205.0,1
image_1288,202.0501,64.352,40.0,255.0,243.3405,29.4526,78.0,255.0,245.7097,29.9577,51.0,255.0,231.2647,35.2671,69.654,255.0,4.4246,11.5115,1243.766,0.8416,0.0448,0.582,2435.0,49.3457,1.0,126.0,6.0,2.0,45.0,245.0,1
image_54,192.9737,47.1263,62.0,255.0,185.8713,48.6647,50.0,254.0,182.4708,47.1768,50.0,251.0,187.6073,48.0057,53.588,253.615,29.5804,24.1562,2304.5472,0.5767,0.0542,0.9976,342.0,18.4932,1.0,78.75,80.5,76.5,13.0,192.0,1
image_53,194.348,31.5387,111.0,242.0,192.6089,27.8876,119.0,234.0,191.0899,23.4439,122.0,228.0,192.9557,28.4294,116.95,235.121,5.9141,7.0397,808.233,0.585,0.0626,0.9966,3158.0,56.1961,1.0,55.0,48.0,39.0,4.0,194.0,1
image_52,165.1239,39.0639,50.0,252.0,168.962,37.6373,52.0,250.0,173.5322,34.3135,64.0,251.0,168.3354,37.6309,52.77,250.712,7.3257,8.1187,1416.0861,0.4576,0.0647,0.9955,3260.0,57.0964,1.0,62.0,59.0,52.0,12.0,173.0,1
image_51,195.4353,29.2311,114.0,249.0,197.0627,30.2928,118.0,250.0,195.6549,30.3192,114.0,248.0,196.4156,29.9098,117.146,249.017,9.7075,9.2261,894.5934,0.6071,0.0768,0.9946,255.0,15.9687,1.0,45.5,48.0,44.0,3.0,197.0,1
image_48,129.4308,41.6577,3.0,223.0,128.1897,34.6858,22.0,216.0,120.2659,40.8478,0.0,210.0,127.6575,37.3256,13.811,217.409,14.4635,15.2186,1393.2028,0.272,0.0808,0.9865,643.0,25.3574,1.0,55.0,49.0,50.0,18.0,129.0,1
image_37,90.8864,8.6135,73.0,109.0,159.75,9.4174,140.0,183.0,227.9773,8.2751,210.0,244.0,146.9377,8.7207,127.947,167.828,8.4676,5.7385,76.0505,0.3332,0.1745,0.8517,44.0,6.6332,1.0,13.0,12.0,14.25,154.0,227.0,1
image_36,142.0298,74.7445,41.0,255.0,185.0343,41.9208,101.0,255.0,227.2697,17.2176,134.0,255.0,176.9908,47.6826,90.883,255.0,8.8388,12.0704,2273.6285,0.5167,0.0322,0.9795,1980.0,44.4972,1.0,153.0,81.0,16.0,95.0,227.0,1
image_34,212.5933,24.2969,97.0,255.0,211.5369,23.7759,104.0,255.0,208.9696,22.7948,111.0,253.0,211.5601,23.6954,103.047,254.772,13.1106,15.0677,561.4713,0.6969,0.1059,0.9825,7962.0,89.23,1.0,31.0,31.0,30.0,5.0,212.0,1
image_33,238.1913,13.1053,70.0,255.0,240.7751,12.2682,72.0,255.0,241.0424,11.433,71.0,255.0,240.033,12.378,71.288,255.0,4.5955,8.4732,153.2149,0.8884,0.2144,0.9904,2148.0,46.3465,1.0,11.0,11.0,11.0,3.0,241.0,1
image_30,183.7446,44.3654,15.0,246.0,180.3559,58.0354,0.0,236.0,181.5389,60.2891,0.0,242.0,181.504,53.7592,4.485,234.591,6.9064,12.8031,2890.0491,0.5511,0.0304,0.9639,4201.0,64.8151,1.0,66.0,106.0,115.0,4.0,183.0,1
image_21,218.4777,25.048,86.0,255.0,217.9603,24.0403,84.0,255.0,214.6901,23.6799,87.0,255.0,217.7422,24.2476,84.94,255.0,20.588,14.8755,587.9443,0.7382,0.0989,0.9921,2872.0,53.591,1.0,36.0,35.0,35.0,5.0,218.0,1
image_20,221.0017,25.0224,138.0,255.0,218.8531,25.0137,137.0,255.0,215.6615,24.38,135.0,255.0,219.1317,24.9294,137.071,255.0,21.2309,15.3972,621.4729,0.748,0.1037,0.9983,1790.0,42.3084,1.0,35.0,35.0,34.0,7.0,221.0,1
image_12,229.2549,8.1723,194.0,245.0,223.366,8.0908,189.0,239.0,211.7473,8.0546,180.0,227.0,223.8023,8.029,190.039,239.426,5.5567,5.529,64.4654,0.7713,0.2256,0.973,459.0,21.4243,1.0,11.0,10.0,11.0,20.0,229.0,1
image_10,221.273,21.6429,103.0,255.0,215.6481,21.3043,102.0,254.0,210.816,20.6203,100.0,249.0,216.7791,21.2755,102.071,253.615,19.8484,13.3872,452.6455,0.7297,0.1073,0.9912,1978.0,44.4747,1.0,33.0,33.0,31.0,13.0,221.0,1
image_1,179.768,42.2289,1.0,255.0,176.9231,42.2379,0.0,246.0,174.5295,42.1693,0.0,242.0,177.5009,42.0166,0.299,248.121,22.1041,19.8769,1765.3983,0.5117,0.0639,0.9835,3643.0,60.3573,1.0,60.0,62.0,65.0,7.0,179.0,1
image_0,155.4765,47.0702,33.0,237.0,156.6115,45.7648,42.0,240.0,161.148,40.5971,59.0,239.0,156.7893,45.5018,41.247,238.305,16.9738,16.7198,2070.4147,0.4099,0.0515,0.9972,2237.0,47.2969,1.0,82.0,80.0,71.0,10.0,161.0,1
image_1274,85.7917,34.7996,10.0,220.0,76.7355,33.0072,0.0,208.0,79.3217,27.6264,0.0,211.0,79.7381,32.6788,2.99,211.033,13.3299,16.8795,1067.9036,0.1142,0.086,0.9907,1032.0,32.1248,1.0,48.0,43.25,32.0,27.0,85.0,0
image_1286,129.5461,48.8229,5.0,255.0,135.3283,46.5164,54.0,255.0,146.8536,46.5702,42.0,255.0,134.9133,46.708,53.802,255.0,14.9977,18.1043,2181.6386,0.3135,0.0687,0.9655,2364.0,48.621,1.0,56.0,54.0,55.0,30.0,146.0,0
image_1289,204.7002,37.169,33.0,255.0,206.3257,37.8198,8.0,255.0,209.6659,34.7385,13.0,255.0,206.2205,36.6971,17.241,255.0,9.5823,13.3156,1346.676,0.6747,0.0852,0.9462,30164.0,173.6779,1.0,48.0,49.0,47.0,6.0,209.0,0
image_1254,158.8151,38.6556,5.0,255.0,156.3329,38.0215,45.0,255.0,160.6477,41.2898,0.0,255.0,157.567,38.2266,29.084,255.0,15.6975,16.8277,1461.2757,0.4043,0.0801,0.978,8819.0,93.9095,1.0,47.5,50.0,52.0,6.0,160.0,0
image_1253,170.6298,64.9215,8.0,255.0,159.7558,71.6839,9.0,255.0,153.8695,76.54,0.0,255.0,162.3361,69.9314,16.077,255.0,9.9152,14.4398,4890.3951,0.4805,0.0343,0.9843,9444.0,97.1802,1.0,133.0,156.0,166.0,26.0,170.0,0
image_1252,161.5569,55.9512,3.0,255.0,154.0491,59.556,0.0,255.0,158.5485,56.1045,0.0,255.0,156.8069,57.9972,1.783,255.0,13.5931,16.002,3363.6702,0.4299,0.0566,0.9964,7935.0,89.0786,1.0,75.0,79.0,74.0,11.0,161.0,0
image_1250,254.1055,1.3744,244.0,255.0,253.4014,1.8548,241.0,255.0,243.7795,2.8754,234.0,254.0,252.515,1.588,241.099,254.544,0.8973,1.387,2.5218,0.9806,0.5528,0.6707,730.0,27.0185,1.0,1.0,2.0,3.0,11.0,254.0,0
image_1246,189.5805,49.5912,8.0,255.0,183.7668,48.8273,45.0,255.0,179.7104,48.6957,2.0,255.0,185.0427,48.6806,32.181,255.0,13.1428,16.9145,2369.8016,0.563,0.0643,0.9799,12077.0,109.8954,1.0,73.0,75.0,65.0,13.0,189.0,0
image_1245,126.8672,45.915,13.0,255.0,108.7853,49.8588,0.0,255.0,112.6117,48.0313,0.0,255.0,114.628,48.4204,3.887,255.0,8.9484,11.789,2344.5388,0.2381,0.0928,0.9964,2725.0,52.2015,1.0,37.0,35.0,35.0,36.0,126.0,0
image_1243,176.5775,41.1521,0.0,255.0,173.1529,50.1084,18.0,255.0,181.6354,50.7418,32.0,255.0,175.1438,47.2485,14.442,254.413,19.1165,25.2146,2232.4205,0.5061,0.0484,0.9767,1884.0,43.4051,1.0,70.0,91.0,95.0,11.0,181.0,0
image_35,119.6077,46.9741,6.0,218.0,111.2216,37.2424,0.0,224.0,100.8079,25.8118,0.0,236.0,112.5419,38.2472,1.794,222.378,13.6648,14.1412,1462.8479,0.2173,0.0581,0.9834,5601.0,74.8398,1.0,87.0,64.0,35.0,41.0,119.0,0
image_32,172.7615,35.5161,46.0,255.0,175.0893,34.688,46.0,255.0,173.9729,34.3664,56.0,255.0,174.266,34.6427,47.14,255.0,11.1965,15.4807,1200.1171,0.4855,0.0791,0.9848,10170.0,100.8464,1.0,51.0,49.0,47.0,4.0,175.0,0
image_31,175.568,48.7735,17.0,255.0,172.3507,45.8889,12.0,255.0,163.8072,45.7832,15.0,255.0,172.3387,46.4188,13.951,254.413,14.4053,17.8677,2154.7064,0.4899,0.0516,0.9849,8835.0,93.9947,1.0,79.0,72.0,72.0,17.0,175.0,0
image_29,168.2692,24.9137,108.0,217.0,164.4326,21.5111,112.0,212.0,165.8051,16.7736,124.0,208.0,165.7362,21.9066,112.172,213.039,5.5202,8.1509,479.8993,0.4298,0.1069,0.9911,2381.0,48.7955,1.0,36.0,34.0,25.0,6.0,168.0,0
image_28,187.7825,33.2434,1.0,255.0,176.6009,40.9568,0.0,255.0,172.6028,46.3649,0.0,255.0,179.4884,38.5754,0.299,255.0,12.0768,15.7864,1488.0638,0.5183,0.0691,0.9291,15694.0,125.2757,1.0,48.0,69.0,83.0,20.0,187.0,0
image_26,166.3565,36.403,13.0,242.0,164.6616,34.6974,16.0,237.0,169.7972,31.1518,10.0,235.0,165.7539,34.6107,15.017,237.153,11.5187,12.1898,1197.9017,0.4409,0.0763,0.9829,5568.0,74.619,1.0,55.0,53.0,47.0,8.0,169.0,0
image_25,145.633,35.1805,50.0,255.0,140.0429,35.3379,33.0,255.0,140.1971,33.3498,39.0,255.0,141.7319,34.8942,39.75,254.772,11.6276,14.673,1217.6072,0.3277,0.0851,0.9813,17495.0,132.2687,1.0,47.0,48.0,45.0,9.0,145.0,0
image_24,138.2789,21.0712,90.0,241.0,137.6757,21.5485,86.0,242.0,137.5241,21.9437,85.0,237.0,137.8388,21.4109,87.082,241.131,9.3568,9.1269,458.4246,0.2992,0.1181,0.9941,7970.0,89.2749,1.0,27.0,28.0,28.0,2.0,138.0,0
image_17,126.2377,25.9301,34.0,202.0,125.5966,24.3183,31.0,202.0,129.6513,24.2471,26.0,204.0,126.2506,24.646,31.327,202.228,8.8902,9.7615,607.425,0.2545,0.1217,0.9883,4703.0,68.5784,1.0,30.0,28.0,27.0,8.0,129.0,0
image_16,143.4213,27.8897,20.0,255.0,141.6296,28.7044,26.0,254.0,140.4704,30.8554,13.0,254.0,142.0332,28.5693,23.898,254.071,10.7457,11.235,816.2037,0.3228,0.1019,0.9864,22523.0,150.0766,1.0,34.0,36.0,36.0,5.0,143.0,0
image_11,166.6057,42.9579,18.0,255.0,168.759,42.8042,25.0,255.0,170.9373,40.902,31.0,255.0,168.3635,42.3991,23.591,254.701,14.2132,19.4203,1797.6805,0.4636,0.0727,0.9844,11618.0,107.7868,1.0,52.0,54.0,58.0,6.0,170.0,0
image_50,157.5132,44.3923,46.0,255.0,157.3337,42.9203,48.0,255.0,157.0218,39.5297,67.0,255.0,157.3518,42.9022,50.992,255.0,13.9897,18.9559,1840.6024,0.4091,0.077,0.9963,6847.0,82.7466,1.0,54.0,54.0,50.0,0.0,157.0,0
image_49,188.9613,41.9874,94.0,239.0,202.5419,32.8756,122.0,243.0,214.6323,22.4497,134.0,244.0,199.8596,34.2752,114.996,241.918,14.3147,22.6633,1174.7921,0.6324,0.0376,0.9967,155.0,12.4499,1.0,77.0,60.0,34.0,31.0,214.0,0
image_47,165.6133,49.1756,10.0,252.0,171.1509,46.8515,17.0,255.0,176.897,43.4948,35.0,255.0,170.1502,46.9962,18.247,253.804,10.5362,17.7428,2208.6428,0.4792,0.0563,0.9913,11371.0,106.6349,1.0,75.0,74.0,74.0,16.0,176.0,0
image_46,148.3052,44.1693,0.0,255.0,153.0514,42.9234,0.0,255.0,158.654,40.796,0.0,255.0,152.271,42.9255,0.0,255.0,10.7359,15.2444,1842.6001,0.3849,0.0807,0.9931,39295.0,198.2297,1.0,55.0,52.0,47.0,16.0,158.0,0
image_45,178.5049,40.4516,0.0,255.0,178.6143,37.2507,3.0,255.0,180.3831,32.9666,20.0,255.0,178.7832,37.533,4.155,255.0,9.7624,15.6511,1408.7294,0.5132,0.0877,0.9881,29807.0,172.647,1.0,47.0,44.0,36.0,3.0,180.0,0
image_44,180.4607,43.2189,47.0,255.0,172.3437,45.5823,42.0,255.0,170.1766,45.4258,42.0,255.0,174.5236,44.2842,44.179,255.0,14.1065,17.8188,1961.0888,0.4986,0.0587,0.9614,34501.0,185.7444,1.0,63.0,74.0,78.0,14.0,180.0,0
image_43,190.7665,30.5275,42.0,255.0,194.2431,29.664,41.0,255.0,196.2172,29.795,39.0,255.0,193.4286,29.6972,41.071,255.0,8.9064,12.7045,881.9249,0.589,0.0862,0.9793,10503.0,102.4841,1.0,45.0,43.0,43.0,8.0,196.0,0
image_42,220.8585,18.7581,113.0,255.0,226.3727,16.5436,87.0,255.0,230.2832,15.0629,90.0,255.0,225.1698,16.8227,95.116,255.0,4.6045,7.0792,283.0047,0.7841,0.1631,0.9627,6348.0,79.6743,1.0,18.0,17.0,17.0,11.0,230.0,0
image_41,136.0827,26.6807,54.0,241.0,132.36,25.5722,56.0,236.0,131.8943,24.1266,68.0,234.0,133.42,25.6624,56.77,237.153,17.8335,16.9858,658.5595,0.2839,0.1134,0.9935,4050.0,63.6396,1.0,30.0,29.0,29.0,9.0,136.0,0
image_40,174.1696,30.8622,66.0,250.0,173.9502,31.1983,64.0,248.0,174.7668,30.8112,75.0,250.0,174.1089,31.0381,65.852,248.712,20.3732,18.5391,963.3657,0.481,0.0809,0.9985,2247.0,47.4025,1.0,46.0,46.5,46.0,1.0,174.0,0
image_39,171.4441,42.6532,38.0,255.0,171.015,40.87,38.0,255.0,170.2928,38.7268,48.0,255.0,171.0609,40.903,39.14,255.0,16.8148,17.0911,1673.0581,0.4757,0.0748,0.9796,22737.0,150.7879,1.0,57.0,54.0,53.0,1.0,171.0,0
image_38,155.8536,44.9508,47.0,254.0,158.2071,41.9123,46.0,255.0,151.6372,44.1272,35.0,249.0,156.7544,42.6865,47.211,254.017,16.0251,19.0479,1822.1392,0.4059,0.0658,0.9857,1830.0,42.7785,1.0,65.75,57.0,65.0,11.0,158.0,0
image_70,158.3144,52.7749,0.0,255.0,164.3531,44.3164,2.0,255.0,164.0432,41.4474,0.0,255.0,162.5122,44.514,6.003,255.0,17.3039,19.4806,1981.4957,0.4366,0.0685,0.815,13063.0,114.2935,1.0,74.0,63.0,59.0,9.0,164.0,0
image_68,146.6491,31.7999,77.0,245.0,143.2387,32.9212,71.0,241.0,141.8397,32.2602,71.0,238.0,144.0989,32.4847,72.794,241.854,15.0109,14.9395,1055.254,0.3356,0.0821,0.9975,8794.0,93.7763,1.0,49.0,50.0,49.0,9.0,146.0,0
image_64,203.2249,42.9128,71.0,255.0,204.6981,41.7531,62.0,255.0,202.9607,40.1447,53.0,255.0,204.0595,41.7332,63.665,255.0,8.4259,14.3375,1741.658,0.6672,0.0775,0.9915,3869.0,62.2013,1.0,74.0,66.0,48.0,3.0,204.0,0
image_63,193.6293,29.8754,54.0,255.0,202.8908,29.0693,52.0,255.0,209.6731,29.0623,53.0,255.0,200.8948,28.9621,52.712,255.0,7.169,11.3428,838.8061,0.6336,0.1361,0.9657,1667.0,40.8289,1.0,27.0,21.0,20.0,20.0,209.0,0
image_59,139.5009,36.6916,38.0,255.0,136.5565,36.1737,29.0,255.0,136.3596,34.2488,34.0,255.0,137.4144,36.0209,32.261,255.0,15.9867,15.9683,1297.5055,0.3103,0.0886,0.9937,20842.0,144.3676,1.0,44.0,43.0,41.0,6.0,139.0,0
image_58,172.2345,44.3262,7.0,255.0,170.7708,42.4726,0.0,255.0,169.0143,38.568,0.0,249.0,171.0082,42.5127,2.093,254.202,15.1124,16.309,1807.3278,0.4775,0.0632,0.996,21104.0,145.2722,1.0,67.0,63.0,56.0,4.0,172.0,0
image_57,166.9688,47.4988,15.0,255.0,171.8245,47.0151,16.0,255.0,176.0869,45.8612,23.0,255.0,170.8586,46.7736,18.792,255.0,14.7969,17.0428,2187.7698,0.4826,0.0583,0.984,32097.0,179.1564,1.0,73.0,75.0,75.0,14.0,176.0,0
image_88,153.1163,53.1978,29.0,255.0,152.1449,55.6602,32.0,255.0,151.6134,55.5054,37.0,255.0,152.3747,54.8629,31.673,255.0,11.5031,16.0245,3009.9333,0.4034,0.0586,0.9979,7903.0,88.8988,1.0,70.0,76.0,79.0,3.0,153.0,0
image_86,170.5336,55.6758,8.0,255.0,168.172,56.467,2.0,255.0,169.1521,53.5642,14.0,255.0,168.9899,55.7703,5.162,255.0,14.1104,19.2719,3110.3231,0.487,0.0438,0.9928,25308.0,159.0849,1.0,98.0,101.0,96.0,3.0,170.0,0
image_80,140.075,45.4436,0.0,255.0,138.63,41.9696,0.0,255.0,134.414,42.0009,0.0,255.0,138.5814,42.7928,1.196,254.701,17.8282,20.9013,1831.2234,0.3235,0.0744,0.9873,8752.0,93.5521,1.0,57.0,56.0,57.0,11.0,140.0,0
image_76,133.6204,41.2018,25.0,255.0,129.4723,40.1977,24.0,255.0,129.5545,37.0984,26.0,255.0,130.722,39.9344,25.211,254.772,16.6323,17.0387,1594.7585,0.2873,0.0738,0.983,23380.0,152.9052,1.0,59.0,56.0,49.0,8.0,133.0,0
image_74,171.2745,26.8136,93.0,255.0,163.3565,30.5322,86.0,255.0,150.9658,38.3422,56.0,253.0,164.3114,29.795,87.992,254.772,14.5322,13.328,887.7415,0.4289,0.0911,0.9529,1989.0,44.5982,1.0,34.0,41.0,59.0,31.0,171.0,0
image_73,169.4436,31.4621,61.0,255.0,169.6468,31.4242,60.0,255.0,169.8634,30.5839,63.0,255.0,169.6107,31.2771,60.94,254.772,15.3297,15.3439,978.2546,0.4575,0.091,0.9944,3352.0,57.8965,1.0,42.0,42.0,40.0,0.0,169.0,0
image_72,157.7273,76.0503,51.0,254.0,162.8814,77.9442,51.0,255.0,167.0894,75.4542,59.0,255.0,161.82,77.0866,51.912,254.701,13.6735,28.3582,5942.3433,0.4941,0.0246,0.9997,649.0,25.4755,1.0,173.0,177.0,171.0,15.0,167.0,0
image_71,134.0218,42.1215,52.0,224.0,141.3686,42.9241,55.0,227.0,148.4902,41.4882,63.0,232.0,139.9838,42.5013,55.129,226.673,12.6021,13.5406,1806.3593,0.3291,0.0595,0.9984,1332.0,36.4966,1.0,76.0,77.0,75.0,24.0,148.0,0
image_109,179.955,31.436,80.0,255.0,177.6654,32.461,74.0,255.0,171.9462,33.731,61.0,255.0,177.698,32.201,76.704,254.772,20.9759,19.0418,1036.9069,0.5016,0.0883,0.9912,1022.0,31.9687,1.0,40.0,40.0,41.0,11.0,179.0,0
image_107,192.7752,17.4322,111.0,248.0,191.8343,18.7196,110.0,252.0,186.4071,19.8433,113.0,255.0,191.4969,18.3871,110.869,251.146,7.8374,9.8639,338.0837,0.5692,0.188,0.9936,1388.0,37.2559,1.0,13.0,14.0,14.0,8.0,192.0,0
image_106,191.8265,25.2877,87.0,252.0,192.983,24.5275,95.0,255.0,191.0785,23.2952,98.0,255.0,192.4201,24.5482,94.09,254.103,10.6026,12.0556,602.6131,0.5787,0.1272,0.9941,2358.0,48.5592,1.0,24.0,25.0,24.75,1.0,192.0,0
image_105,184.4835,47.8088,86.0,252.0,190.4066,53.9727,83.0,255.0,187.7912,59.3895,74.0,255.0,188.3374,52.5374,82.871,254.103,19.3203,18.6382,2760.1834,0.5879,0.0472,0.9856,91.0,9.5394,1.0,88.0,110.0,119.5,8.0,190.0,0
image_103,169.4183,45.7108,0.0,255.0,177.2151,46.263,0.0,255.0,181.4472,42.8241,0.0,253.0,175.3663,45.5374,0.0,254.43,10.0331,17.3659,2073.6537,0.5048,0.0652,0.9905,11076.0,105.2426,1.0,58.0,59.0,55.0,17.0,181.0,0
image_94,144.9508,45.423,3.0,255.0,143.7812,48.0424,0.0,255.0,144.4708,48.0588,8.0,255.0,144.2095,47.0709,1.923,255.0,14.8019,17.9183,2215.6652,0.3539,0.0575,0.9886,29528.0,171.8371,1.0,68.0,75.0,77.0,2.0,144.0,0
image_91,132.9052,41.2341,13.0,255.0,131.0741,39.8375,4.0,255.0,132.7576,36.8878,4.0,255.0,131.8135,39.7883,8.874,255.0,17.3528,18.5539,1583.1091,0.2915,0.0765,0.9921,21055.0,145.1034,1.0,56.0,52.0,48.0,2.0,132.0,0
image_89,172.198,33.0304,53.0,252.0,170.7408,34.6526,46.0,251.0,170.0706,34.2142,53.0,255.0,171.1001,34.0805,48.891,251.157,18.5601,20.0074,1161.4819,0.4681,0.0876,0.9962,2450.0,49.4975,1.0,43.0,46.0,45.0,3.0,172.0,0
image_127,193.116,42.0766,4.0,255.0,190.8476,44.6885,0.0,255.0,187.7215,44.6378,4.0,255.0,191.1695,43.7821,2.336,255.0,11.2297,17.1267,1916.8757,0.5915,0.0519,0.9913,19596.0,139.9857,1.0,66.0,71.25,74.0,8.0,193.0,0
image_126,180.0669,21.7379,58.0,255.0,176.4778,21.2526,53.0,255.0,172.6205,20.3349,51.0,251.0,177.1112,21.2028,54.794,254.544,10.2039,12.8551,449.5574,0.4893,0.1589,0.9863,2390.0,48.8876,1.0,19.0,19.0,18.0,11.0,180.0,0
image_125,127.8134,61.0646,18.0,255.0,124.6449,59.9365,17.0,255.0,126.7833,55.3123,30.0,255.0,125.836,59.6706,18.895,255.0,14.3909,18.8663,3560.5851,0.2983,0.038,0.9973,3424.0,58.515,1.0,112.0,106.25,97.0,6.0,127.0,0
image_118,157.8202,50.5317,17.0,255.0,155.9285,51.4466,0.0,255.0,156.074,49.2872,3.0,255.0,156.5107,50.8415,5.995,255.0,14.4298,16.62,2584.8581,0.4165,0.0505,0.9951,18961.0,137.6989,1.0,85.0,85.0,81.0,3.0,157.0,0
image_117,134.6159,35.3537,0.0,255.0,127.6533,34.6239,0.0,254.0,126.9173,34.7143,0.0,250.0,129.6512,34.4525,0.228,253.273,16.5163,18.5257,1186.9748,0.2768,0.0936,0.9647,32641.0,180.6682,1.0,40.0,40.0,41.0,15.0,134.0,0
image_116,144.9292,36.1074,0.0,255.0,142.1296,36.421,0.0,253.0,141.4014,34.9769,0.0,251.0,142.8837,36.0871,1.043,253.37,14.4864,15.0311,1302.2769,0.334,0.0796,0.9943,28774.0,169.629,1.0,48.0,49.0,48.0,5.0,144.0,0
image_115,129.506,46.766,0.0,255.0,127.8848,46.584,0.0,254.0,131.6696,43.5523,0.0,255.0,128.801,46.1343,0.798,254.413,16.0302,16.8505,2128.3745,0.2879,0.0632,0.9889,33165.0,182.1126,1.0,70.0,69.0,63.0,8.0,131.0,0
image_114,146.1462,50.6472,33.0,255.0,143.7434,50.9473,32.0,255.0,144.6272,48.3368,46.0,255.0,144.5626,50.4751,34.194,255.0,13.1081,18.1727,2547.7388,0.3606,0.045,0.9955,17745.0,133.2104,1.0,86.0,88.0,86.0,5.0,146.0,0
image_112,140.2009,42.164,20.0,255.0,138.4957,40.6939,17.0,255.0,140.8284,38.4311,19.0,255.0,139.2715,40.6024,18.94,255.0,18.6521,19.5517,1648.5579,0.3236,0.0775,0.9778,25052.0,158.2782,1.0,53.0,52.0,51.0,4.0,140.0,0
image_111,145.3391,40.502,1.0,255.0,145.803,41.056,0.0,255.0,146.7039,39.8282,0.0,255.0,145.767,40.5687,0.299,255.0,16.1188,17.6986,1645.8224,0.3521,0.0789,0.989,21516.0,146.6833,1.0,52.0,53.0,52.0,2.0,146.0,0
image_110,122.67,28.3414,50.0,238.0,122.2227,27.2196,50.0,237.0,123.6012,24.1393,62.0,235.0,122.5136,27.1093,51.368,237.071,12.8306,17.3494,734.9144,0.2421,0.0946,0.9929,494.0,22.2261,1.0,36.75,35.75,31.0,2.0,123.0,0
image_146,157.6356,46.1453,0.0,255.0,155.6643,45.4839,0.0,255.0,154.5826,43.1754,16.0,255.0,156.1304,45.3335,1.824,254.772,17.76,19.4945,2055.1244,0.4065,0.0635,0.9956,17046.0,130.5603,1.0,69.0,68.0,65.0,5.0,157.0,0
image_143,129.7356,27.1527,57.0,244.0,127.2768,27.2578,56.0,239.0,119.693,29.283,42.0,235.0,127.1474,27.2627,56.071,240.039,11.544,11.5128,743.2564,0.26,0.1037,0.996,3381.0,58.1464,1.0,36.0,36.0,39.0,20.0,129.0,0
image_140,150.5606,39.5427,42.0,252.0,158.8617,40.247,49.0,255.0,170.162,41.2309,61.0,255.0,157.6679,40.0254,49.77,254.103,19.2425,22.5914,1602.0307,0.4069,0.0738,0.9935,8685.0,93.1933,1.0,54.0,55.0,55.0,30.0,170.0,0
image_139,196.371,39.8028,53.0,255.0,197.371,39.002,47.0,255.0,198.6686,37.5371,46.0,255.0,197.2199,38.7913,48.794,255.0,15.4083,19.5112,1504.7645,0.6213,0.0725,0.9819,14425.0,120.1041,1.0,55.0,51.0,51.0,3.0,198.0,0
image_138,162.9922,38.9928,18.0,255.0,156.6594,40.2702,3.0,255.0,154.4247,38.3193,0.0,255.0,158.2981,39.3958,14.732,255.0,17.2893,18.2086,1552.0268,0.4092,0.072,0.9767,21352.0,146.1232,1.0,56.0,58.0,53.0,13.0,162.0,0
image_137,152.4791,45.0209,0.0,255.0,153.7871,45.709,0.0,255.0,155.0246,46.0728,0.0,255.0,153.5371,45.2607,0.587,255.0,14.3744,16.6437,2048.5278,0.394,0.0674,0.9829,36213.0,190.2971,1.0,62.0,65.0,65.0,5.0,155.0,0
image_136,120.8474,40.737,0.0,255.0,119.2973,41.3975,0.0,255.0,121.1187,41.4078,0.0,255.0,119.9684,40.9548,4.901,255.0,16.1513,17.7283,1677.298,0.2471,0.0733,0.9831,30300.0,174.069,1.0,52.0,54.0,52.0,4.0,121.0,0
image_135,117.8343,42.0146,5.0,255.0,117.1873,43.5463,0.0,255.0,122.3848,43.1768,14.0,255.0,117.9733,42.7252,4.401,255.0,15.452,18.8573,1825.4393,0.2421,0.0617,0.9804,21507.0,146.6527,1.0,64.0,67.0,64.0,10.0,122.0,0
image_132,144.026,55.117,0.0,255.0,140.7138,56.3733,0.0,255.0,143.774,52.8897,0.0,255.0,142.053,55.2636,0.456,255.0,14.2921,19.3529,3054.0679,0.3573,0.0547,0.9778,34827.0,186.6199,1.0,90.0,91.0,87.0,7.0,144.0,0
image_130,158.2212,42.9173,0.0,255.0,159.1976,42.1867,4.0,255.0,159.4271,41.6229,7.0,255.0,158.9318,42.1545,3.26,254.772,17.4133,17.8026,1777.005,0.4158,0.0652,0.9861,12643.0,112.4411,1.0,66.0,63.0,59.0,2.0,159.0,0
image_163,126.1745,35.28,25.0,255.0,127.8645,35.901,31.0,255.0,132.6928,34.5779,28.0,250.0,127.9096,35.3162,30.574,254.43,13.5415,15.7636,1247.2328,0.2708,0.081,0.9814,16678.0,129.1433,1.0,46.0,50.0,52.0,12.0,132.0,0
image_162,145.3098,47.923,16.0,251.0,143.666,49.2454,13.0,255.0,146.0555,47.3057,22.0,255.0,144.4299,48.496,14.923,253.206,16.2089,19.0696,2351.8616,0.357,0.0598,0.9921,9003.0,94.8841,1.0,67.0,71.0,69.0,5.0,146.0,0
image_161,119.9708,41.6291,10.0,255.0,116.2148,41.2334,0.0,255.0,121.1703,37.2219,8.0,255.0,117.9028,40.75,4.586,255.0,17.6225,19.0084,1660.5594,0.2393,0.0673,0.9894,34643.0,186.1263,1.0,63.0,61.0,54.0,11.0,121.0,0
image_160,132.3925,45.82,13.0,255.0,128.2088,45.9499,0.0,255.0,129.0266,43.4497,12.0,255.0,129.553,45.5383,5.255,255.0,17.4283,18.777,2073.7406,0.29,0.0636,0.9951,22302.0,149.3385,1.0,65.0,64.0,59.0,8.0,132.0,0
image_158,128.9826,38.328,22.0,255.0,122.7349,38.5536,18.0,255.0,122.3486,38.81,4.0,255.0,124.5589,38.2306,22.588,255.0,14.4103,17.2546,1461.5797,0.2611,0.069,0.9843,14828.0,121.7703,1.0,51.0,51.0,50.0,12.0,128.0,0
image_157,121.36,48.7338,0.0,255.0,117.2797,50.4125,0.0,255.0,117.6731,50.8473,0.0,255.0,118.5446,49.5315,0.0,254.185,15.5121,19.7723,2453.3656,0.2538,0.0664,0.9812,21826.0,147.7363,1.0,66.0,67.0,72.75,8.0,121.0,0
image_152,153.769,42.9092,2.0,255.0,153.382,44.1898,2.0,255.0,154.5538,43.7018,15.0,255.0,153.6313,43.5869,4.753,255.0,16.6197,18.3609,1899.8221,0.3922,0.063,0.9887,39875.0,199.6873,1.0,62.0,69.0,70.0,2.0,154.0,0
image_179,141.581,43.2643,0.0,255.0,138.4259,42.9926,0.0,255.0,139.1714,40.0456,4.0,255.0,139.4543,42.5676,0.456,255.0,14.9013,20.1395,1812.0015,0.3269,0.0703,0.9891,23788.0,154.2336,1.0,61.0,58.0,51.0,5.0,141.0,0
image_172,132.5059,44.2192,0.0,255.0,127.3362,45.5408,0.0,255.0,127.7464,44.2807,0.0,255.0,128.9287,44.7106,0.57,255.0,15.4036,17.4649,1999.0369,0.2864,0.0655,0.9791,32013.0,178.9218,1.0,65.0,66.0,65.0,10.0,132.0,0
image_169,116.3227,37.7903,6.0,254.0,109.6204,38.0889,0.0,248.0,110.6295,36.0917,5.0,248.0,111.7394,37.7161,2.364,249.794,21.7258,21.7113,1422.504,0.2139,0.0848,0.996,3161.0,56.2228,1.0,51.0,51.0,46.0,15.0,116.0,0
image_168,124.6092,38.7949,0.0,186.0,124.0679,41.1069,0.0,187.0,125.3739,41.2293,0.0,191.0,124.3786,40.3743,0.456,187.157,14.6072,19.8664,1630.0866,0.263,0.0719,0.9961,1768.0,42.0476,1.0,48.0,54.0,57.0,2.0,125.0,0
image_191,167.2709,38.3122,59.0,255.0,165.0437,38.8785,60.0,255.0,163.3814,38.304,67.0,255.0,165.5201,38.6016,61.901,254.772,18.5713,16.8449,1490.0817,0.4442,0.0724,0.9974,8537.0,92.3959,1.0,56.0,56.0,55.0,6.0,167.0,0
image_188,203.0813,41.0279,54.0,255.0,199.2744,42.7165,60.0,255.0,193.4279,42.8293,73.0,255.0,199.7461,42.1468,60.03,254.772,12.8327,17.0029,1776.3508,0.6409,0.052,0.9955,9054.0,95.1525,1.0,70.0,73.0,70.0,13.0,203.0,0
image_185,129.6263,51.9557,1.0,255.0,126.225,51.1744,2.0,255.0,129.8097,47.2723,10.0,255.0,127.6506,50.8137,2.912,255.0,17.1091,20.8812,2582.0285,0.2903,0.054,0.9923,10023.0,100.1149,1.0,83.0,79.0,68.0,6.0,129.0,0
image_183,138.386,42.5718,0.0,255.0,132.4356,42.0881,0.0,255.0,131.3311,39.9348,0.0,255.0,134.0889,41.838,0.0,255.0,17.0909,17.6417,1750.4144,0.3034,0.0696,0.991,16602.0,128.8487,1.0,60.0,60.0,58.0,13.0,138.0,0
image_181,153.8898,55.7857,2.0,255.0,152.5262,53.7622,0.0,255.0,152.8285,49.7395,10.0,255.0,152.9684,53.5833,2.422,255.0,11.452,17.1072,2871.1683,0.404,0.0482,0.9857,42922.0,207.1763,1.0,97.0,88.0,75.0,2.0,153.0,0
image_180,131.2487,43.0434,0.0,255.0,128.7515,42.6708,0.0,255.0,130.0464,39.5196,7.0,255.0,129.6458,42.2158,1.824,254.772,15.4945,18.2222,1782.1698,0.2859,0.0729,0.9875,26479.0,162.7237,1.0,59.0,59.0,57.0,6.0,131.0,0
image_211,150.8358,41.8369,25.0,255.0,139.6003,43.17,11.0,255.0,138.2783,41.1568,14.0,255.0,142.809,42.0194,16.668,255.0,12.6487,18.5945,1765.626,0.3408,0.0782,0.9506,8181.0,90.4489,1.0,52.0,49.0,46.0,20.0,150.0,0
image_206,129.8063,44.307,7.0,255.0,123.7007,44.2509,0.0,255.0,123.8993,41.9636,0.0,255.0,125.5489,43.7797,2.663,255.0,18.1691,19.3742,1916.6642,0.2719,0.0627,0.9847,35759.0,189.1005,1.0,65.0,65.0,63.0,12.0,129.0,0
image_205,122.1309,48.7721,3.0,255.0,119.7498,48.4439,0.0,255.0,123.6917,43.952,0.0,255.0,120.9111,47.9427,1.125,254.413,16.3094,18.9396,2298.507,0.2602,0.0613,0.9955,30895.0,175.7697,1.0,69.0,68.0,61.0,8.0,123.0,0
image_202,136.2362,47.0323,5.0,255.0,134.2178,48.0376,0.0,255.0,137.1913,45.8203,7.0,255.0,135.1603,47.3293,2.592,255.0,14.2965,18.5707,2240.0603,0.3154,0.0606,0.9909,42337.0,205.7596,1.0,70.0,74.0,70.0,6.0,137.0,0
image_201,155.8868,46.5819,1.0,255.0,159.7964,43.9024,15.0,255.0,165.514,40.7919,20.0,255.0,159.2792,43.9921,15.395,254.701,11.9359,16.6223,1935.3084,0.4199,0.0603,0.9726,38172.0,195.3766,1.0,74.0,68.0,61.0,15.0,165.0,0
image_198,159.8376,58.7463,0.0,255.0,159.432,59.8095,0.0,255.0,161.5949,56.5224,5.0,255.0,159.7999,59.0157,1.026,255.0,13.8561,18.3381,3482.8534,0.4463,0.0465,0.9954,28499.0,168.8165,1.0,97.0,100.0,98.0,3.0,161.0,0
image_197,134.0435,45.7737,14.0,255.0,132.9891,46.0895,12.0,255.0,135.9181,44.0375,25.0,255.0,133.6383,45.646,14.08,255.0,14.1571,16.9309,2083.5583,0.3067,0.0735,0.9936,37247.0,192.9948,1.0,55.0,54.0,50.0,6.0,135.0,0
image_226,114.9079,51.3805,0.0,255.0,111.1432,50.5344,0.0,255.0,113.7601,46.0601,0.0,255.0,112.5672,50.0917,0.456,254.772,14.736,18.0171,2509.1806,0.2335,0.0694,0.9899,31422.0,177.2625,1.0,67.0,62.0,53.0,7.0,114.0,0
image_225,127.2366,49.697,0.0,255.0,127.3379,50.5653,0.0,255.0,132.6268,47.1731,0.0,255.0,127.9105,49.6466,1.824,255.0,14.5861,16.8206,2464.7877,0.2895,0.0625,0.9825,46445.0,215.511,1.0,74.0,72.0,69.0,10.0,132.0,0
image_224,120.9724,44.7509,0.0,255.0,120.7882,45.0762,0.0,255.0,124.921,42.0282,0.0,255.0,121.3144,44.4877,0.299,255.0,15.4597,18.1548,1979.1531,0.2568,0.0664,0.9909,30816.0,175.5449,1.0,64.0,64.0,60.0,8.0,124.0,0
image_216,138.3648,41.4635,11.0,255.0,134.1793,40.9272,0.0,255.0,135.317,38.1581,6.0,255.0,135.5605,40.6474,4.999,255.0,16.9097,18.093,1652.2141,0.308,0.0748,0.9916,35600.0,188.6796,1.0,56.0,54.0,50.0,7.0,138.0,0
image_215,167.1436,51.1731,0.0,255.0,168.1024,50.7275,0.0,255.0,169.7623,47.3539,4.0,255.0,168.005,50.3249,1.938,255.0,12.8419,18.2005,2532.5986,0.473,0.0514,0.9907,27176.0,164.8514,1.0,81.0,81.0,76.0,3.0,169.0,0
image_212,138.5734,43.524,13.0,255.0,139.8495,42.5494,21.0,255.0,141.7308,40.6357,32.0,255.0,139.6824,42.4262,19.862,255.0,17.1268,18.2171,1799.9817,0.3277,0.0721,0.991,9574.0,97.8468,1.0,60.0,58.0,58.0,5.0,141.0,0
image_243,133.0766,49.371,0.0,255.0,132.2437,49.8865,0.0,255.0,133.512,48.8436,0.0,255.0,132.6373,49.3952,1.794,255.0,17.2766,19.6795,2439.8892,0.3081,0.0594,0.9871,37498.0,193.644,1.0,68.0,72.75,73.0,2.0,133.0,0
image_239,136.7581,57.7344,0.0,255.0,134.5559,57.3773,0.0,255.0,136.7684,52.0075,9.0,255.0,135.4666,56.7536,2.052,255.0,13.2051,17.0915,3220.9693,0.3318,0.0508,0.995,29660.0,172.2208,1.0,96.0,95.0,86.0,4.0,136.0,0
image_237,172.1241,37.5984,48.0,255.0,174.422,36.615,33.0,255.0,172.6374,36.4463,30.0,255.0,173.5315,36.6439,37.827,254.772,16.6374,17.3465,1342.7784,0.4838,0.0755,0.983,13357.0,115.5725,1.0,56.0,53.0,52.0,3.0,174.0,0
image_235,154.4031,21.0813,71.0,255.0,150.298,20.1045,67.0,254.0,148.2505,19.6142,61.0,255.0,151.292,20.278,67.811,253.826,8.1116,12.6189,411.1979,0.3583,0.1694,0.9915,11052.0,105.1285,1.0,17.0,17.0,17.0,10.0,154.0,0
image_234,162.2999,28.069,77.0,244.0,155.9199,27.8086,68.0,237.0,151.0909,27.5111,63.0,231.0,157.277,27.8073,70.121,238.409,12.1819,13.2047,773.245,0.3923,0.1049,0.9958,2948.0,54.2955,1.0,35.0,34.0,33.0,17.0,162.0,0
image_233,176.1717,44.8927,22.0,255.0,179.3181,44.7904,7.0,255.0,179.273,43.149,5.0,255.0,178.3722,44.4809,12.154,255.0,13.9218,16.5187,1978.5509,0.5197,0.0624,0.9916,33288.0,182.45,1.0,71.0,71.0,67.0,4.0,179.0,0
image_259,196.4792,53.9001,18.0,255.0,194.8492,54.8202,7.0,255.0,194.0066,51.4463,15.0,255.0,195.2405,54.0659,11.201,255.0,15.3118,23.531,2923.1172,0.6312,0.0553,0.9948,2592.0,50.9117,1.0,57.0,58.0,52.0,3.0,196.0,0
image_258,189.824,31.9137,53.0,255.0,189.0507,32.6213,45.0,255.0,188.2401,33.014,43.0,255.0,189.1895,32.2608,47.164,255.0,15.2013,17.1863,1040.756,0.5665,0.0768,0.9838,7375.0,85.8778,1.0,51.0,52.0,53.0,1.0,189.0,0
image_256,142.0163,46.5878,0.0,255.0,140.2093,46.963,0.0,255.0,141.5905,44.5613,1.0,255.0,140.9071,46.3953,1.596,255.0,16.6025,19.0374,2152.5217,0.3384,0.0646,0.9888,37178.0,192.816,1.0,67.0,67.0,62.0,4.0,142.0,0
image_250,121.236,48.2802,0.0,255.0,121.8143,48.4,0.0,255.0,126.5202,45.0836,1.0,255.0,122.1779,47.771,0.456,255.0,14.9576,19.1715,2282.0702,0.2647,0.0624,0.9871,32573.0,180.4799,1.0,68.0,69.0,64.0,10.0,126.0,0
image_249,142.3947,53.6189,0.0,255.0,140.4412,53.8073,0.0,255.0,141.3278,49.2638,5.0,255.0,141.1264,53.1177,1.026,255.0,18.0057,20.5411,2821.4909,0.3497,0.0531,0.9943,32460.0,180.1666,1.0,86.0,84.0,75.0,4.0,142.0,0
image_248,141.3061,54.0082,0.0,255.0,140.1613,54.6508,0.0,255.0,142.8578,51.303,5.0,255.0,140.811,53.8828,1.482,255.0,15.5044,19.4619,2903.3519,0.3496,0.0502,0.9898,30981.0,176.0142,1.0,91.0,92.0,86.0,4.0,142.0,0
image_274,137.4931,46.732,0.0,255.0,134.5146,46.0998,0.0,255.0,135.7374,42.5122,0.0,255.0,135.5446,45.6261,0.0,255.0,18.2234,20.0014,2081.738,0.3146,0.0646,0.9845,34486.0,185.7041,1.0,68.0,66.0,60.0,6.0,137.0,0
image_272,118.0818,45.1185,0.0,255.0,115.5902,45.1345,0.0,255.0,119.9056,42.2605,0.0,255.0,116.8271,44.5841,0.456,254.544,17.5771,18.762,1987.7451,0.2405,0.0611,0.9839,41540.0,203.8136,1.0,67.0,67.0,62.0,9.0,119.0,0
image_270,153.4753,48.8881,0.0,255.0,153.0195,48.7067,0.0,255.0,155.3353,45.496,11.0,255.0,153.4198,48.2095,1.553,255.0,14.713,19.2819,2324.1556,0.3977,0.0629,0.989,44155.0,210.1309,1.0,74.0,72.0,67.0,3.0,155.0,0
image_269,149.2346,46.5128,0.0,255.0,150.7982,49.0927,0.0,255.0,154.8053,48.2022,1.0,255.0,150.7875,47.9296,1.467,255.0,14.5195,17.2892,2297.2473,0.385,0.0626,0.9818,40125.0,200.3123,1.0,63.0,66.0,66.0,8.0,154.0,0
image_268,137.813,50.5996,0.0,255.0,136.2937,51.1646,0.0,255.0,138.7547,48.6278,0.0,255.0,137.0285,50.3782,0.299,255.0,15.9288,19.4581,2537.9627,0.3278,0.0588,0.9834,40210.0,200.5243,1.0,74.0,74.0,69.0,4.0,138.0,0
image_267,124.0853,51.4286,0.0,255.0,120.2567,51.4939,0.0,255.0,119.5924,47.8916,0.0,255.0,121.3257,50.7068,1.097,255.0,16.7053,18.9778,2571.1784,0.2659,0.0637,0.9876,41992.0,204.9195,1.0,71.0,68.0,65.0,10.0,124.0,0
image_263,140.5616,44.0774,0.0,255.0,134.3031,41.1547,2.0,255.0,134.3621,38.0224,5.0,255.0,136.1811,41.4234,1.744,255.0,16.3645,17.7967,1715.9017,0.3116,0.0733,0.9808,41972.0,204.8707,1.0,58.0,55.0,53.0,11.0,140.0,0
image_262,159.4352,39.4055,34.0,255.0,156.5776,40.2301,29.0,255.0,154.7354,39.652,35.0,255.0,157.222,39.85,31.179,255.0,16.5149,17.7161,1588.0252,0.4046,0.0774,0.9959,8383.0,91.5587,1.0,48.0,48.0,46.0,8.0,159.0,0
image_261,178.2378,38.5356,0.0,255.0,173.2236,36.149,0.0,255.0,170.418,34.8584,0.0,255.0,174.403,36.43,0.228,255.0,11.106,15.9802,1327.1473,0.4882,0.0935,0.9743,8493.0,92.1575,1.0,40.0,39.0,38.0,11.0,178.0,0
image_292,121.8031,48.3331,0.0,255.0,119.0092,48.5016,0.0,255.0,122.042,45.2848,0.0,255.0,120.1903,47.8672,0.57,254.701,16.1124,18.0098,2291.2679,0.2574,0.0621,0.9887,44582.0,211.1445,1.0,67.0,66.0,64.0,6.0,122.0,0
image_291,142.6761,43.7944,0.0,255.0,143.0621,44.194,0.0,255.0,145.6973,42.7193,2.0,255.0,143.2471,43.6783,1.097,255.0,14.9093,17.9761,1907.7933,0.3449,0.0696,0.987,34025.0,184.4587,1.0,62.0,62.0,60.0,5.0,145.0,0
image_289,147.7662,37.2774,0.0,255.0,147.3082,39.0369,1.0,255.0,148.7998,39.7013,16.0,255.0,147.6152,38.3196,2.411,254.413,17.9392,18.2301,1468.3897,0.3577,0.074,0.98,20964.0,144.7895,1.0,51.25,56.0,59.0,2.0,148.0,0
image_286,129.9461,37.5796,28.0,243.0,127.404,37.6067,26.0,240.0,128.449,34.9057,30.0,247.0,128.2832,37.2388,27.852,241.695,14.266,13.5642,1386.7256,0.2744,0.0733,0.9966,6809.0,82.5167,1.0,53.0,55.0,50.0,4.0,129.0,0
image_285,147.1013,36.9057,0.0,255.0,146.3086,36.2308,0.0,255.0,147.0475,34.639,11.0,255.0,146.6299,36.1288,1.254,255.0,10.6081,14.7621,1305.2919,0.3507,0.0841,0.9914,29732.0,172.4297,1.0,46.0,45.0,42.0,2.0,147.0,0
image_283,213.9794,45.3137,30.0,255.0,213.6299,44.3955,33.0,255.0,210.9101,42.1605,41.0,255.0,213.4244,44.2563,33.129,255.0,8.2354,15.7007,1958.6174,0.7306,0.0484,0.9921,21402.0,146.2942,1.0,62.0,64.0,62.0,4.0,213.0,0
image_282,181.045,43.8505,28.0,255.0,182.7974,43.1432,27.0,255.0,184.3476,41.0007,34.0,255.0,182.4502,42.9401,28.912,255.0,17.2759,18.9835,1843.853,0.5403,0.0659,0.9909,20287.0,142.4324,1.0,64.0,62.0,61.0,4.0,184.0,0
image_278,120.1969,47.6871,0.0,255.0,119.6405,47.8795,0.0,255.0,124.0637,43.7567,6.0,255.0,120.3111,47.1926,2.166,255.0,14.5564,17.6423,2227.146,0.2569,0.0609,0.9921,32393.0,179.9806,1.0,72.0,72.0,64.0,10.0,124.0,0
image_277,138.1795,55.8399,0.0,255.0,134.3398,55.8574,0.0,255.0,135.4865,54.1495,0.0,255.0,135.6186,54.9018,0.0,255.0,13.8944,18.8644,3014.2059,0.3292,0.0499,0.9635,36939.0,192.1952,1.0,79.0,87.0,93.0,7.0,138.0,0
image_309,151.2165,51.8269,18.0,255.0,140.5811,52.8106,26.0,255.0,142.1151,49.6216,20.0,255.0,143.936,50.8485,24.098,255.0,12.0453,15.359,2585.5737,0.3584,0.0597,0.8918,41308.0,203.2437,1.0,81.0,73.0,68.0,19.0,151.0,0
image_308,181.8448,56.5518,0.0,255.0,175.9528,58.7799,0.0,255.0,172.2552,58.2292,11.0,255.0,177.293,57.6071,1.553,255.0,11.1413,18.2659,3318.5751,0.5344,0.0502,0.9715,26399.0,162.4777,1.0,97.0,101.0,103.0,13.0,181.0,0
image_307,155.6585,47.9032,4.0,255.0,152.5794,48.053,0.0,255.0,153.0288,44.857,10.0,255.0,153.5513,47.4226,4.13,255.0,15.5103,18.6596,2248.9022,0.3972,0.0609,0.9864,23196.0,152.3023,1.0,72.0,72.0,64.0,5.0,155.0,0
image_302,128.3829,47.8944,0.0,255.0,126.9003,47.8381,0.0,255.0,130.4027,43.8784,4.0,255.0,127.7429,47.159,0.57,254.701,14.7384,18.7585,2223.9749,0.2852,0.0614,0.9846,40053.0,200.1325,1.0,70.0,70.0,67.0,8.0,130.0,0
image_301,126.7121,46.763,3.0,255.0,123.3591,45.0488,0.0,255.0,126.3237,41.1513,8.0,255.0,124.6996,44.7614,2.265,255.0,14.7881,18.376,2003.5811,0.27,0.0617,0.9741,38500.0,196.2142,1.0,67.0,67.0,61.0,6.0,126.0,0
image_295,128.7619,55.4111,0.0,255.0,127.7041,56.1325,0.0,255.0,131.7979,52.3534,0.0,255.0,128.4871,55.3128,0.798,254.701,15.1043,19.1522,3059.5098,0.3009,0.0477,0.9916,35624.0,188.7432,1.0,91.0,91.0,82.0,8.0,131.0,0
image_325,127.6918,49.874,0.0,255.0,125.4074,49.4096,0.0,255.0,127.9687,46.0654,0.0,255.0,126.3824,48.9698,0.0,255.0,18.2968,20.9777,2398.0431,0.2825,0.0545,0.9898,16964.0,130.2459,1.0,78.0,78.0,72.0,4.0,127.0,0
image_323,151.5032,44.4422,0.0,255.0,152.8848,43.734,0.0,255.0,155.7363,41.4573,3.0,255.0,152.7968,43.441,0.798,255.0,12.2866,16.1265,1887.1225,0.3881,0.0665,0.9857,36297.0,190.5177,1.0,65.0,60.0,54.0,7.0,155.0,0
image_322,134.8188,49.6789,0.0,255.0,134.5541,48.7654,0.0,255.0,138.5727,45.309,0.0,255.0,135.0914,48.3392,1.196,255.0,15.1742,18.1181,2336.6776,0.3166,0.0592,0.9824,42352.0,205.796,1.0,77.0,74.0,67.0,7.0,138.0,0
image_321,122.7107,49.3564,0.0,255.0,120.8944,49.3542,0.0,255.0,124.6234,44.6242,0.0,255.0,121.8626,48.6823,0.798,255.0,17.1403,19.6213,2369.966,0.2648,0.0592,0.9928,38847.0,197.0964,1.0,73.0,73.0,66.0,8.0,124.0,0
image_319,131.4774,45.3436,0.0,255.0,128.8183,44.8114,0.0,255.0,129.9079,42.2584,0.0,255.0,129.7376,44.5552,0.57,255.0,16.6951,18.499,1985.1615,0.2894,0.0736,0.9932,39620.0,199.0477,1.0,58.0,57.0,53.0,6.0,131.0,0
image_314,155.5409,45.8208,7.0,255.0,150.3656,44.0425,0.0,253.0,146.2364,39.682,4.0,251.0,151.4423,43.8457,2.549,252.572,13.1285,16.2006,1922.4442,0.3823,0.0625,0.9863,21309.0,145.976,1.0,73.0,67.0,59.0,15.0,155.0,0
image_313,246.8585,13.7818,164.0,255.0,250.096,10.5457,169.0,255.0,250.7456,10.7369,163.0,255.0,249.2021,11.3201,166.821,255.0,1.2093,3.3603,128.1451,0.957,0.1638,0.9484,5259.0,72.519,1.0,13.0,4.0,2.0,4.0,250.0,0
image_310,164.3421,48.4556,0.0,255.0,163.1185,47.9322,0.0,255.0,160.6839,45.6586,0.0,255.0,163.2068,47.7568,0.0,255.0,12.9004,19.2839,2280.7075,0.4447,0.0664,0.9966,27155.0,164.7877,1.0,68.0,67.0,63.0,6.0,164.0,0
image_342,231.7179,4.0138,220.0,245.0,240.8256,4.0345,227.0,253.0,244.2462,4.0826,233.0,255.0,238.4924,3.9641,225.591,250.836,4.0222,3.5766,15.7138,0.875,0.3479,0.9457,195.0,13.9642,1.0,5.0,4.5,5.0,14.0,244.0,0
image_340,130.2352,47.5548,1.0,252.0,131.3559,48.1732,0.0,255.0,136.974,48.9451,0.0,255.0,131.6613,47.7604,0.299,254.103,17.4002,23.636,2281.0533,0.3017,0.0639,0.984,10020.0,100.1,1.0,63.0,63.0,65.0,11.0,136.0,0
image_338,175.6825,58.6058,58.0,255.0,170.5952,64.3075,56.0,255.0,170.6661,61.2045,51.0,255.0,172.1244,61.8394,56.327,255.0,13.5848,19.9671,3824.1161,0.5144,0.0332,0.9687,1833.0,42.8135,1.0,115.0,129.0,122.0,7.0,175.0,0
image_336,133.6344,45.0541,0.0,255.0,134.929,44.9959,0.0,255.0,139.0926,42.3416,9.0,255.0,135.0166,44.5781,1.026,255.0,16.0526,18.6226,1987.2102,0.3109,0.07,0.9907,24756.0,157.3404,1.0,62.0,60.0,56.0,11.0,139.0,0
image_335,183.8624,50.4594,6.0,255.0,185.9689,50.6964,3.0,255.0,188.2403,47.9742,19.0,255.0,185.598,50.1061,7.431,255.0,12.5813,18.3408,2510.618,0.5684,0.0561,0.989,11080.0,105.2616,1.0,73.0,73.0,69.0,7.0,188.0,0
image_334,166.5034,39.8501,50.0,255.0,162.8821,38.6164,45.0,255.0,161.2489,36.3156,52.0,255.0,163.7787,38.6554,47.293,254.772,19.7476,18.4071,1494.2419,0.4355,0.0754,0.9961,2612.0,51.1077,1.0,55.0,55.0,52.0,8.0,166.0,0
image_333,134.8886,46.0723,0.0,255.0,135.2655,45.1389,0.0,255.0,139.2763,41.548,4.0,255.0,135.61,44.8393,0.57,255.0,17.8462,20.1798,2010.5656,0.3137,0.0681,0.989,25194.0,158.7262,1.0,64.0,62.0,57.0,9.0,139.0,0
image_331,153.2973,52.1567,0.0,255.0,153.9009,52.1966,0.0,255.0,156.5048,48.9126,6.0,255.0,154.0173,51.5848,1.596,255.0,13.2522,18.5447,2660.9921,0.4057,0.0582,0.9889,31932.0,178.6953,1.0,80.0,77.0,70.0,5.0,156.0,0
image_330,137.9449,60.5333,0.0,255.0,134.5425,58.2853,0.0,255.0,137.1462,51.0056,8.0,255.0,135.8567,57.7071,1.553,255.0,14.3932,19.0698,3330.1052,0.3351,0.0469,0.9751,30415.0,174.399,1.0,100.0,99.0,87.0,6.0,137.0,0
image_329,123.7234,57.0199,0.0,255.0,120.9514,56.1959,0.0,255.0,123.397,49.6759,0.0,255.0,122.059,55.4832,1.026,254.701,14.1222,18.3196,3078.3811,0.2765,0.046,0.9918,36417.0,190.8324,1.0,91.0,88.0,78.0,6.0,123.0,0
image_353,121.2931,49.5142,0.0,255.0,118.3292,51.2088,0.0,255.0,120.7229,49.3827,0.0,255.0,119.4883,50.2655,0.755,255.0,15.3483,19.0263,2526.6161,0.2584,0.0644,0.9888,34378.0,185.4131,1.0,68.0,69.0,68.0,6.0,121.0,0
image_352,118.8484,50.7845,0.0,255.0,117.0529,49.0484,0.0,255.0,120.3655,42.8021,10.0,255.0,117.9674,48.6603,1.824,255.0,12.4887,16.429,2367.8218,0.2504,0.0574,0.9914,41457.0,203.6099,1.0,80.0,77.0,67.0,6.0,120.0,0
image_351,129.3097,48.4908,0.0,255.0,130.1922,48.5829,0.0,255.0,134.9513,44.4606,4.0,255.0,130.4709,47.9183,1.325,255.0,16.8159,20.1679,2296.1675,0.2971,0.064,0.9902,41559.0,203.8602,1.0,69.0,68.0,62.0,10.0,134.0,0
image_350,131.0918,47.5141,0.0,255.0,129.6713,47.9926,0.0,255.0,130.6571,48.1901,0.0,255.0,130.2084,47.4252,0.0,255.0,16.7989,18.1846,2249.1527,0.2953,0.0648,0.9743,36924.0,192.1562,1.0,66.0,66.0,69.0,4.0,131.0,0
image_349,129.0882,50.9099,6.0,255.0,122.025,46.6336,0.0,255.0,123.6868,43.2547,0.0,255.0,124.3263,47.0567,3.082,255.0,18.1278,20.0537,2214.3309,0.2718,0.0643,0.9583,22341.0,149.4691,1.0,70.0,64.0,60.0,14.0,129.0,0
image_347,141.1968,44.4389,8.0,255.0,136.4767,43.9763,8.0,255.0,136.898,40.9641,11.0,255.0,137.9361,43.6558,9.368,254.701,18.4298,19.0125,1905.8301,0.3219,0.065,0.9933,20928.0,144.6651,1.0,69.0,66.0,61.0,9.0,141.0,0
image_346,171.2226,50.141,0.0,255.0,167.8897,50.2445,0.0,255.0,166.9479,47.2306,4.0,255.0,168.7789,49.8149,0.456,255.0,20.6729,20.4118,2481.5222,0.4762,0.0541,0.997,10163.0,100.8117,1.0,77.0,78.0,74.0,7.0,171.0,0
image_344,165.9196,28.2764,40.0,232.0,164.468,29.1764,34.0,231.0,161.5287,27.2792,38.0,227.0,164.567,28.64,37.162,230.843,8.5575,9.8798,820.2518,0.4291,0.1356,0.9971,2750.0,52.4404,1.0,19.0,20.0,20.0,6.0,165.0,0
image_343,222.4418,25.8686,53.0,249.0,230.6388,28.651,50.0,255.0,232.6423,29.2655,45.0,255.0,228.4163,27.8535,50.327,253.206,6.6529,11.6639,775.8163,0.8143,0.0757,0.9963,3671.0,60.5888,1.0,7.0,7.0,8.0,11.0,232.0,0
image_374,131.7948,52.1247,1.0,246.0,130.4621,50.0742,0.0,249.0,106.0356,62.9683,0.0,250.0,128.076,51.6148,1.097,247.918,21.072,24.195,2664.0849,0.2932,0.0702,0.9607,2441.0,49.4065,1.0,66.0,54.0,71.0,49.0,131.0,0
image_373,124.1444,26.562,41.0,248.0,117.0712,24.3643,38.0,242.0,108.502,25.552,16.0,242.0,118.2092,24.6415,39.923,243.794,14.8321,13.3421,607.2015,0.2242,0.0928,0.9848,2556.0,50.5569,1.0,42.0,37.0,35.0,33.0,124.0,0
image_372,234.8598,20.2823,130.0,255.0,238.4969,17.5563,147.0,255.0,241.5979,15.4841,163.0,255.0,237.7629,17.9629,143.741,255.0,9.1596,11.7591,322.6643,0.8743,0.1441,0.9794,485.0,22.0227,1.0,23.0,20.0,17.0,7.0,241.0,0
image_371,204.3262,44.2786,25.0,255.0,205.9553,46.0381,39.0,255.0,206.5071,47.0294,13.0,255.0,205.5311,45.4857,41.876,255.0,15.9123,18.5905,2068.9518,0.6815,0.0523,0.9888,7153.0,84.5754,1.0,56.0,62.0,63.0,2.0,206.0,0
image_364,165.5486,41.0048,69.0,255.0,161.8898,40.7838,69.0,250.0,159.93,39.1988,80.0,247.0,162.7603,40.6141,71.08,251.153,20.259,19.5499,1649.5013,0.4328,0.059,0.9963,1987.0,44.5758,1.0,68.0,67.0,65.0,9.0,165.0,0
image_363,158.1212,52.0842,13.0,255.0,160.9758,53.216,9.0,255.0,163.7066,53.2343,6.0,255.0,160.4336,52.6583,9.854,255.0,15.1484,18.8664,2772.8971,0.4385,0.0521,0.9888,33376.0,182.691,1.0,77.0,84.0,86.0,8.0,163.0,0
image_360,134.1467,56.3671,0.0,255.0,127.4205,55.4273,0.0,255.0,130.9695,51.1987,0.0,255.0,129.8362,54.3173,2.392,254.701,16.6513,20.0709,2950.3734,0.3046,0.0558,0.9322,25767.0,160.521,1.0,86.0,79.0,72.0,13.0,134.0,0
image_394,173.3956,58.6663,0.0,255.0,172.1515,60.7357,0.0,255.0,174.2904,60.4655,0.0,255.0,172.7673,59.8787,0.0,255.0,13.0523,20.2101,3585.4645,0.5142,0.0508,0.9893,14437.0,120.1541,1.0,82.0,91.0,97.0,3.0,174.0,0
image_393,128.8856,41.3873,48.0,255.0,119.7254,41.0508,47.0,255.0,120.0458,39.5839,52.0,255.0,122.5008,40.8622,47.869,255.0,17.4319,29.1523,1669.7178,0.2565,0.0879,0.9908,2753.0,52.469,1.0,51.0,42.0,34.0,18.0,128.0,0
image_391,150.7862,39.0878,50.0,255.0,150.1633,44.6277,32.0,254.0,154.8107,43.7151,43.0,255.0,150.8794,42.4334,44.616,253.957,14.0861,17.1966,1800.5909,0.3778,0.0705,0.9567,5113.0,71.5052,1.0,58.0,63.0,64.0,7.0,154.0,0
image_388,146.3781,43.0904,6.0,255.0,140.5248,43.1192,0.0,255.0,140.3226,40.2167,0.0,255.0,142.2519,42.5977,2.891,255.0,17.0924,17.9126,1814.5645,0.3391,0.0638,0.987,33586.0,183.2648,1.0,66.0,66.0,63.0,10.0,146.0,0
image_387,140.525,63.4602,0.0,255.0,139.0309,64.2711,0.0,255.0,139.4064,64.0724,0.0,255.0,139.5205,63.7697,0.0,255.0,14.6233,18.8343,4066.5754,0.3619,0.0455,0.9911,27966.0,167.2304,1.0,103.0,103.0,99.0,2.0,140.0,0
image_378,129.7825,39.0212,0.0,255.0,127.8963,39.1656,0.0,255.0,129.447,36.521,0.0,255.0,128.6371,38.6136,3.233,254.701,12.7087,15.2538,1491.0117,0.2774,0.0747,0.9879,51744.0,227.4731,1.0,53.0,53.0,50.0,4.0,129.0,0
image_408,117.3978,52.7062,0.0,255.0,115.5495,53.7383,0.0,255.0,119.4901,49.1641,0.0,255.0,116.5514,52.7673,0.0,255.0,15.1466,19.6551,2784.3875,0.2517,0.0532,0.9928,35458.0,188.3029,1.0,78.0,80.0,76.0,9.0,119.0,0
image_407,144.811,48.5008,3.0,255.0,141.25,49.47,0.0,255.0,140.9732,48.1543,0.0,255.0,142.2832,48.7376,2.093,255.0,16.7346,20.1619,2375.3496,0.3479,0.0567,0.9851,24918.0,157.8544,1.0,68.0,71.0,73.0,7.0,144.0,0
image_401,166.3722,56.9703,0.0,255.0,169.1713,56.7209,0.0,255.0,170.6301,53.7022,10.0,255.0,168.5007,56.3294,1.824,255.0,12.442,19.8262,3173.0009,0.4854,0.0525,0.9948,32817.0,181.1546,1.0,87.0,84.0,79.0,6.0,170.0,0
image_400,187.6856,64.653,0.0,255.0,198.8179,64.1636,0.0,255.0,204.8589,64.0051,11.0,255.0,196.178,64.1592,1.368,255.0,8.53,17.0695,4116.4018,0.6552,0.0481,0.9931,10213.0,101.0594,1.0,62.0,62.0,58.0,21.0,204.0,0
image_399,152.8995,42.0329,0.0,255.0,149.1384,42.2548,0.0,255.0,147.4221,41.4574,5.0,255.0,150.0673,41.9902,0.798,255.0,16.8759,20.7635,1763.1732,0.3734,0.0872,0.9924,13147.0,114.6604,1.0,48.0,48.0,47.0,8.0,152.0,0
image_397,156.372,48.6611,0.0,255.0,155.3991,47.5025,0.0,255.0,156.8541,44.2054,0.0,255.0,155.8559,47.2126,1.196,254.701,14.9084,19.2199,2229.0283,0.4078,0.0566,0.9825,7747.0,88.017,1.0,84.0,79.5,70.0,2.0,156.0,0
image_396,220.9049,3.6629,209.0,230.0,227.2676,3.5463,217.0,235.0,230.743,3.3725,221.0,239.0,225.7614,3.4343,215.95,233.961,1.8367,1.8393,11.7942,0.784,0.3777,0.8358,284.0,16.8523,1.0,4.0,5.0,4.0,11.0,230.0,0
image_395,219.4232,4.4083,204.0,230.0,225.0804,4.4271,209.0,235.0,228.9375,4.4962,212.0,239.0,223.8286,4.3761,207.847,233.961,2.0145,2.1138,19.1503,0.7708,0.3158,0.949,560.0,23.6643,1.0,7.0,7.0,6.0,10.0,228.0,0
image_429,117.6941,54.7544,0.0,255.0,121.1598,50.6007,0.0,255.0,123.3732,52.6435,0.0,255.0,120.3759,51.8219,0.299,255.0,18.4662,21.947,2685.5131,0.2641,0.061,0.9845,18757.0,136.9562,1.0,77.0,73.0,71.0,12.0,123.0,0
image_428,135.5751,38.3675,14.0,250.0,140.6782,39.5838,1.0,249.0,145.1752,40.5438,18.0,254.0,139.665,39.1896,6.825,249.869,12.0253,15.8961,1535.828,0.3236,0.0767,0.9875,10391.0,101.9363,1.0,49.0,51.0,53.0,18.0,145.0,0
image_424,190.4114,29.4232,86.0,237.0,194.1124,29.5616,93.0,242.0,197.0358,30.9055,84.0,246.0,193.3391,29.5055,91.591,240.961,12.5085,11.9295,870.5722,0.5882,0.0762,0.988,2766.0,52.5928,1.0,44.0,46.0,49.0,9.0,197.0,0
image_423,124.4641,47.3527,0.0,255.0,127.7434,47.3642,0.0,255.0,134.6513,44.9823,14.0,255.0,127.5504,46.9106,1.596,254.701,10.9478,14.6322,2200.6072,0.284,0.0712,0.99,14113.0,118.7981,1.0,61.0,58.0,54.0,19.0,134.0,0
image_422,152.8596,38.7817,0.0,255.0,143.6602,40.2425,0.0,255.0,141.5142,39.4318,0.0,255.0,146.1662,39.594,0.228,255.0,12.7194,17.4044,1567.6872,0.3527,0.1017,0.9902,20538.0,143.3109,1.0,36.0,35.0,35.0,18.0,152.0,0
image_421,147.8171,47.7236,30.0,255.0,140.7116,49.1647,29.0,255.0,141.5512,47.9279,38.0,255.0,142.9319,48.4885,30.895,255.0,14.5356,19.872,2351.1318,0.3503,0.0835,0.9938,15233.0,123.422,1.0,44.0,41.0,38.0,12.0,147.0,0
image_420,210.6403,34.0586,0.0,255.0,209.4957,31.9784,0.0,255.0,210.0728,29.3808,9.0,255.0,209.9037,32.2027,1.254,255.0,8.6707,12.0847,1037.013,0.6935,0.1135,0.9924,29545.0,171.8866,1.0,16.0,17.0,21.0,1.0,210.0,0
image_445,155.4188,45.7191,0.0,255.0,154.6915,48.419,0.0,255.0,156.9711,48.6876,0.0,255.0,155.1688,47.4077,2.052,254.772,17.5644,17.6826,2247.4938,0.4048,0.0591,0.9846,33087.0,181.8983,1.0,68.0,76.0,81.0,3.0,156.0,0
image_443,116.7063,48.2992,4.0,255.0,110.6552,50.5015,0.0,255.0,114.7308,48.5474,17.0,255.0,112.9291,49.4377,3.362,255.0,14.6101,19.9041,2444.0896,0.2337,0.0725,0.9884,17383.0,131.8446,1.0,51.0,53.0,50.0,13.0,116.0,0
image_440,126.7405,45.5776,0.0,255.0,122.9849,46.385,0.0,255.0,124.8548,44.0218,3.0,255.0,124.321,45.7004,1.553,255.0,16.6822,19.4055,2088.5269,0.2698,0.0659,0.9898,41062.0,202.6376,1.0,64.0,65.0,62.0,8.0,126.0,0
image_437,152.4212,46.0536,0.0,255.0,152.4932,47.6864,0.0,255.0,153.5972,47.3507,0.0,255.0,152.5975,46.9057,1.368,255.0,15.6188,18.6994,2200.1474,0.3919,0.0606,0.9838,40253.0,200.6315,1.0,70.0,74.0,74.0,2.0,153.0,0
image_436,158.1258,46.9043,0.0,255.0,159.5513,47.0008,0.0,255.0,162.5229,43.6844,3.0,255.0,159.4639,46.364,2.579,254.103,15.1242,17.9619,2149.6211,0.4241,0.0607,0.9847,30935.0,175.8835,1.0,69.0,70.0,69.0,6.0,162.0,0
image_433,146.4404,35.7061,0.0,255.0,144.1725,35.5197,0.0,255.0,141.64,35.7006,0.0,255.0,144.5619,35.3239,0.897,255.0,16.5565,17.4192,1247.7747,0.3406,0.0795,0.9825,16213.0,127.3303,1.0,47.0,50.0,52.0,9.0,146.0,0
image_458,131.06,37.3731,0.0,255.0,128.9501,36.4707,0.0,255.0,129.0971,34.2119,0.0,255.0,129.5978,36.2464,2.351,255.0,14.4963,17.1047,1313.8018,0.2785,0.0813,0.9865,37890.0,194.6535,1.0,49.0,46.0,44.0,6.0,131.0,0
image_453,50.5322,27.5713,0.0,143.0,55.9945,26.501,0.0,148.0,60.6306,26.5361,9.0,155.0,54.8898,26.6443,1.026,146.961,11.5494,13.0464,709.9165,0.0573,0.111,0.9879,1443.0,37.9868,1.0,36.0,35.0,34.0,43.0,60.0,0
image_451,206.8293,9.5272,158.0,241.0,206.47,9.9916,155.0,240.0,210.1793,10.6109,154.0,245.0,207.0003,9.8831,156.082,240.869,7.2989,6.9892,97.6754,0.6605,0.2212,0.9897,1400.0,37.4166,1.0,11.0,10.0,12.0,5.0,210.0,0
image_450,213.973,7.6812,171.0,233.0,214.4048,7.7516,169.0,234.0,219.0284,7.9372,174.0,239.0,214.8028,7.7092,170.168,234.271,6.0342,5.7043,59.4312,0.7105,0.254,0.9784,704.0,26.533,1.0,8.0,8.0,8.0,7.0,219.0,0
image_449,185.1856,38.6739,0.0,251.0,184.1676,35.426,1.0,249.0,184.89,31.7971,22.0,252.0,184.5543,35.8779,3.095,249.94,8.2064,11.1305,1287.2216,0.5436,0.0517,0.9931,31876.0,178.5385,1.0,66.0,59.0,51.0,1.0,185.0,0
image_483,151.6703,32.8957,62.0,218.0,151.6566,30.8919,68.0,215.0,151.9286,28.7734,33.0,215.0,151.6917,31.1583,68.058,215.327,20.4952,18.8075,970.8408,0.3688,0.0956,0.9945,364.0,19.0788,1.0,38.0,36.25,37.0,0.0,151.0,0
image_480,132.8746,50.7947,0.0,233.0,139.2103,51.0202,10.0,239.0,140.8945,53.3776,0.0,242.0,137.5079,51.0343,7.01,236.95,12.9768,13.7465,2604.5045,0.3308,0.0491,0.9894,20971.0,144.8137,1.0,85.0,87.0,93.0,15.0,140.0,0
image_476,166.1925,44.8434,66.0,255.0,161.5455,47.2113,52.0,255.0,160.2086,48.0493,49.0,255.0,162.7826,46.5081,55.844,255.0,13.7373,14.9815,2163.0005,0.4408,0.0633,0.9952,6768.0,82.2679,1.0,68.25,71.0,72.0,9.0,166.0,0
image_474,123.3271,27.0768,1.0,255.0,118.0515,27.9295,0.0,255.0,118.0875,28.4122,9.0,255.0,119.633,27.545,1.325,255.0,14.8942,14.1557,758.7276,0.2318,0.0969,0.9803,15565.0,124.7598,1.0,33.0,35.0,36.0,10.0,123.0,0
image_471,131.0675,31.2839,53.0,208.0,131.1683,30.3839,53.0,206.0,134.8965,28.0663,63.0,207.0,131.5632,30.3473,54.14,206.712,15.3309,13.5324,920.9615,0.2804,0.0857,0.9968,1111.0,33.3317,1.0,47.0,43.0,38.5,6.0,134.0,0
image_469,133.7176,50.02,1.0,255.0,126.5426,49.9035,0.0,255.0,126.9389,47.7703,5.0,255.0,128.7331,49.5954,1.325,255.0,21.4474,20.8918,2459.7029,0.2927,0.0661,0.9944,19044.0,138.0,1.0,62.0,62.0,58.0,13.0,133.0,0
image_465,111.4459,43.1825,1.0,255.0,108.8897,43.7296,0.0,255.0,114.1303,40.5709,0.0,255.0,110.2514,43.0525,1.097,255.0,16.4504,18.352,1853.5218,0.2154,0.0637,0.99,41067.0,202.6499,1.0,64.0,65.0,60.0,13.0,114.0,0
image_500,156.4878,53.4279,49.0,255.0,151.1973,57.1961,47.0,255.0,151.9431,57.8626,55.0,255.0,152.8642,56.0105,50.005,255.0,10.3703,16.475,3137.1756,0.4076,0.0438,0.9927,11229.0,105.967,1.0,85.0,96.0,104.0,8.0,156.0,0
image_489,191.5045,37.955,0.0,255.0,189.9342,38.1872,21.0,255.0,186.4537,39.904,30.0,255.0,190.0069,37.968,18.597,253.804,12.3445,15.0439,1441.5692,0.5774,0.0734,0.9676,13249.0,115.1043,1.0,48.0,48.0,45.0,7.0,191.0,0
image_487,126.2901,52.2378,0.0,255.0,126.2768,53.8365,0.0,255.0,130.4079,50.6665,12.0,255.0,126.7517,52.8071,1.368,255.0,14.153,18.2749,2788.5856,0.29,0.0533,0.9908,29284.0,171.1257,1.0,71.0,80.0,85.0,8.0,130.0,0
image_485,109.3643,44.9766,0.0,255.0,108.4182,43.7401,0.0,255.0,114.4081,39.6869,4.0,255.0,109.3839,43.51,0.456,255.0,15.8048,18.8259,1893.1229,0.2131,0.0679,0.9932,29337.0,171.2805,1.0,65.0,63.0,57.0,13.0,114.0,0
image_484,154.4185,60.5778,6.0,255.0,155.9198,60.6773,15.0,255.0,158.6642,58.295,11.0,255.0,155.7838,60.3065,13.124,255.0,9.1228,14.9793,3636.8798,0.4291,0.0299,0.9971,19287.0,138.8776,1.0,118.0,119.0,113.0,6.0,158.0,0
image_515,121.3795,35.9626,1.0,255.0,119.923,36.2462,0.0,255.0,122.3388,34.7249,7.0,255.0,120.6339,35.83,1.994,255.0,13.8613,20.2783,1283.7888,0.2435,0.0995,0.9884,7196.0,84.8292,1.0,38.0,39.0,41.0,6.0,122.0,0
image_514,141.8179,47.707,0.0,255.0,139.9146,47.8246,0.0,255.0,140.8249,45.6944,4.0,255.0,140.5874,47.4239,0.57,255.0,19.2846,22.9953,2249.0248,0.3385,0.0647,0.9945,16487.0,128.4017,1.0,68.0,66.0,62.0,4.0,141.0,0
image_513,131.2363,48.4334,0.0,255.0,131.9431,47.7916,0.0,255.0,136.4067,43.9416,11.0,255.0,132.2406,47.419,1.254,254.772,18.5413,18.901,2248.565,0.3035,0.0636,0.992,18424.0,135.735,1.0,69.0,66.0,58.0,9.0,136.0,0
image_508,131.594,42.2877,13.0,255.0,132.9446,42.6022,11.0,255.0,135.1038,41.4343,24.0,255.0,132.7869,42.2078,13.792,255.0,14.9966,16.9639,1781.5002,0.2986,0.0712,0.9916,39161.0,197.8914,1.0,57.0,57.0,55.0,8.0,135.0,0
image_507,98.8433,34.7733,0.0,255.0,102.7341,34.2104,0.0,255.0,104.3753,35.5674,0.0,255.0,101.7578,34.18,2.348,254.43,15.8224,15.536,1168.2743,0.1772,0.0921,0.9766,23808.0,154.2984,1.0,41.0,43.0,44.0,15.0,104.0,0
image_506,64.4958,27.4261,0.0,183.0,67.8674,28.9536,0.0,198.0,67.3186,30.2012,0.0,204.0,66.7967,28.3443,0.456,191.121,12.7264,12.7632,803.3972,0.081,0.1087,0.9674,7511.0,86.666,1.0,35.0,32.0,31.0,11.0,67.0,0
image_540,118.4741,37.7939,15.0,255.0,115.1278,37.6971,8.0,255.0,117.1688,35.9361,12.0,255.0,116.361,37.3621,10.891,254.772,14.4425,16.3922,1395.9284,0.2297,0.0817,0.9884,17166.0,131.0191,1.0,50.0,49.0,47.0,6.0,118.0,0
image_533,137.1722,31.1763,35.0,255.0,136.6866,29.7837,25.0,255.0,137.9272,26.6492,36.0,255.0,136.9732,29.68,29.244,255.0,10.318,13.6348,880.9006,0.3021,0.1076,0.9849,15091.0,122.8454,1.0,39.0,34.0,29.0,2.0,137.0,0
image_532,158.4458,46.0658,31.0,255.0,158.9849,47.2721,36.0,255.0,158.4033,48.4001,36.0,255.0,158.7574,46.9309,38.194,255.0,13.8223,16.2478,2202.5125,0.4215,0.0631,0.9929,13810.0,117.516,1.0,65.0,67.0,67.0,0.0,158.0,0
image_527,99.9022,28.8774,0.0,223.0,99.1493,27.2765,0.0,214.0,89.4239,27.0439,0.0,209.0,98.2657,27.1614,0.587,216.121,9.1551,9.9942,737.7443,0.1598,0.1011,0.9433,12981.0,113.9342,1.0,35.0,36.0,32.0,26.0,99.0,0
image_560,115.9374,45.1102,6.0,255.0,116.914,46.8623,4.0,255.0,122.9804,44.4372,19.0,255.0,117.3136,45.7969,8.102,254.43,15.3047,19.7238,2097.3553,0.2439,0.0539,0.981,10773.0,103.7931,1.0,78.0,82.0,72.0,15.0,122.0,0
image_555,169.151,26.9345,86.0,248.0,169.3433,28.2289,81.0,248.0,168.1993,28.6634,87.0,247.0,169.1554,27.8493,83.179,247.772,11.4007,10.3108,775.5859,0.452,0.0941,0.9953,9575.0,97.8519,1.0,38.0,41.0,42.0,2.0,169.0,0
image_546,146.9936,32.47,43.0,255.0,144.7702,31.8703,50.0,255.0,145.2174,30.5112,56.0,255.0,145.486,31.8383,48.591,254.413,19.4225,18.6323,1013.6773,0.3411,0.1013,0.9955,2663.0,51.6043,1.0,36.0,36.0,36.0,3.0,146.0,0
image_545,121.6713,35.608,4.0,255.0,122.3943,31.3175,20.0,241.0,127.0314,27.4521,20.0,238.0,122.7068,31.8774,15.814,244.16,15.296,14.7531,1016.1689,0.2472,0.0821,0.979,9626.0,98.1122,1.0,52.0,42.0,34.0,12.0,127.0,0
image_543,135.5563,46.5782,8.0,255.0,130.1556,44.1374,10.0,255.0,130.6546,41.351,0.0,255.0,131.8273,44.2087,9.06,255.0,15.8052,17.3026,1954.4098,0.2973,0.0626,0.9734,44620.0,211.2345,1.0,71.0,63.0,56.0,9.0,135.0,0
image_576,154.0361,50.3509,0.0,252.0,155.854,50.8492,5.0,255.0,154.18,50.2747,0.0,255.0,155.1196,50.4745,2.935,254.103,13.5204,16.75,2547.6761,0.4092,0.0537,0.9916,20761.0,144.0868,1.0,80.0,82.0,83.0,2.0,155.0,0
image_575,119.3125,49.8475,57.0,228.0,114.0625,50.6526,48.0,221.0,108.1875,49.2122,45.0,213.0,114.9625,50.2222,50.762,222.181,42.6764,34.2624,2522.2649,0.242,0.0541,0.998,32.0,5.6569,1.0,81.75,88.0,82.25,24.0,119.0,0
image_572,162.3898,51.2641,14.0,251.0,161.4281,49.8506,3.0,255.0,151.3085,50.5704,7.0,255.0,160.562,50.1225,6.745,253.804,10.5947,16.1321,2512.2618,0.4351,0.0414,0.9863,3702.0,60.8441,1.0,84.0,81.0,85.0,17.0,162.0,0
image_571,123.6914,29.0877,21.0,217.0,118.7852,30.0961,22.0,216.0,110.1859,31.3807,25.0,214.0,119.2718,29.7943,22.271,216.071,12.1968,11.9465,887.6987,0.2324,0.087,0.987,6186.0,78.6511,1.0,41.0,43.0,48.0,27.0,123.0,0
image_565,183.9819,32.7055,72.0,253.0,184.5954,30.7601,67.0,249.0,184.228,27.971,65.0,248.0,184.3701,30.9292,68.794,250.082,8.0541,12.7938,956.6152,0.5375,0.0833,0.9919,8062.0,89.7886,1.0,40.75,36.0,30.0,1.0,184.0,0
image_563,186.5682,41.226,16.0,255.0,185.1677,42.9465,13.0,255.0,183.2214,43.1834,20.0,255.0,185.3646,42.2272,14.695,255.0,14.1679,17.3174,1783.1395,0.5558,0.0701,0.9841,17433.0,132.0341,1.0,55.0,57.0,56.0,4.0,186.0,0
image_562,150.9292,47.5605,16.0,255.0,147.9021,45.8588,8.0,255.0,147.6389,41.1912,13.0,255.0,148.7772,45.7276,13.055,255.0,18.1897,18.1938,2091.0152,0.3726,0.0645,0.9941,14022.0,118.4145,1.0,71.0,68.0,61.0,5.0,150.0,0
image_599,143.99,42.6303,0.0,255.0,140.8977,41.9617,0.0,255.0,140.005,37.6375,2.0,255.0,141.7205,41.4466,1.824,255.0,14.1002,18.3729,1717.8224,0.3353,0.077,0.9839,14410.0,120.0417,1.0,54.0,53.0,49.0,5.0,143.0,0
image_595,132.6858,41.0666,0.0,255.0,129.0594,41.5731,0.0,243.0,131.2549,37.902,0.0,244.0,130.394,40.6262,0.228,246.702,10.1017,13.4339,1650.4902,0.2869,0.067,0.9615,26294.0,162.1542,1.0,63.0,63.0,58.0,6.0,132.0,0
image_594,133.8822,33.1696,7.0,245.0,134.5274,32.7658,19.0,243.0,136.9868,29.759,31.0,248.0,134.6149,32.4408,16.78,244.168,8.1068,11.2664,1052.405,0.2949,0.0829,0.992,15570.0,124.7798,1.0,46.0,47.0,44.0,6.0,136.0,0
image_586,139.698,38.505,29.0,238.0,136.4735,37.0581,28.0,233.0,136.6523,34.0277,33.0,235.0,137.458,37.1044,28.869,234.039,19.817,18.0717,1376.7401,0.3117,0.0831,0.9977,6049.0,77.7753,1.0,46.0,46.0,43.0,6.0,139.0,0
image_583,127.2764,43.715,0.0,240.0,124.0193,39.4204,4.0,237.0,106.7441,46.9894,0.0,236.0,123.0238,40.9236,2.69,236.871,13.5779,12.5379,1674.7379,0.2585,0.0808,0.9518,16599.0,128.8371,1.0,52.0,49.0,63.0,42.0,127.0,0
image_582,153.6703,38.331,14.0,255.0,151.4912,37.966,6.0,255.0,151.1952,36.7816,0.0,255.0,152.109,37.6747,9.973,255.0,13.6831,14.7053,1419.3862,0.3776,0.0798,0.9807,39081.0,197.6891,1.0,52.0,53.0,53.0,3.0,153.0,0
image_581,113.756,46.4437,1.0,255.0,110.5146,45.1691,0.0,255.0,111.3307,41.5882,2.0,255.0,111.5768,44.6724,0.755,253.37,13.2178,15.6323,1995.6236,0.2221,0.0588,0.9801,21362.0,146.1574,1.0,70.0,64.0,53.0,7.0,113.0,0
image_638,160.5698,23.6036,121.0,255.0,153.7209,24.1698,113.0,248.0,139.9884,24.2902,101.0,238.0,154.2032,23.9818,114.138,248.953,17.5596,16.0679,575.127,0.3745,0.0972,0.9963,86.0,9.2736,1.0,32.5,34.5,31.0,33.0,160.0,0
image_602,168.9804,49.3095,29.0,255.0,170.2496,49.1688,25.0,255.0,172.4265,46.7525,39.0,255.0,170.1183,48.8015,27.792,255.0,13.6979,16.6872,2381.5905,0.4817,0.0574,0.9928,32009.0,178.9106,1.0,78.0,79.0,77.0,6.0,172.0,0
image_601,155.0524,45.0743,0.0,255.0,152.1032,44.9065,0.0,255.0,152.9306,43.3426,0.0,255.0,153.0794,44.5624,0.886,255.0,17.3426,19.2351,1985.8119,0.3909,0.0679,0.9871,32196.0,179.4324,1.0,64.0,62.0,60.0,5.0,155.0,0
image_691,155.3211,64.7672,34.0,255.0,147.9839,64.8476,30.0,246.0,130.8329,66.231,12.0,226.0,148.2225,64.913,30.811,246.183,15.8668,19.6685,4213.6993,0.4027,0.0248,0.9982,2980.0,54.5894,1.0,128.0,130.0,134.0,41.0,155.0,0
image_735,189.6657,36.7838,32.0,255.0,186.0979,38.2936,30.0,255.0,176.8918,38.617,15.0,255.0,186.1152,37.617,28.888,254.43,17.348,20.8659,1415.0382,0.5545,0.0663,0.9866,4493.0,67.0298,1.0,54.0,61.0,59.0,18.0,189.0,0
image_844,146.6521,43.5518,17.0,253.0,136.4753,41.8027,24.0,240.0,119.7128,41.5063,16.0,238.0,137.6073,41.9654,22.69,241.764,20.8366,22.2462,1761.0955,0.3183,0.0709,0.9774,2636.0,51.342,1.0,63.0,59.0,54.0,47.0,146.0,0
image_835,149.5842,37.6315,25.0,241.0,146.2723,36.5977,35.0,242.0,134.5849,38.8251,23.0,244.0,145.9302,36.34,34.828,241.929,17.8861,17.5749,1320.5928,0.3478,0.0702,0.9263,3081.0,55.5068,1.0,60.0,60.0,62.0,26.0,149.0,0
image_830,144.662,33.8275,27.0,255.0,133.3076,32.2752,21.0,255.0,114.0248,30.273,5.0,238.0,134.5043,32.4337,20.97,251.466,19.5162,21.2334,1051.9439,0.2944,0.0945,0.9942,4148.0,64.405,1.0,40.0,37.0,34.0,53.0,144.0,0
image_935,168.8333,27.9017,96.0,254.0,167.1471,29.0594,92.0,255.0,174.8902,28.0097,89.0,255.0,168.534,28.5253,92.854,254.701,9.3219,8.7315,813.6938,0.4493,0.0912,0.9965,510.0,22.5832,1.0,39.75,42.0,34.0,10.0,174.0,0
image_933,165.7878,41.1743,77.0,255.0,150.5122,41.2824,62.0,241.0,140.8633,37.4736,65.0,222.0,153.9796,40.7773,66.827,243.02,14.0026,14.9876,1662.7849,0.3902,0.0703,0.998,490.0,22.1359,1.0,60.0,61.5,57.0,39.0,165.0,0
image_932,130.2702,63.9412,0.0,255.0,128.9654,51.8878,0.0,243.0,115.9706,59.409,0.0,231.0,127.8741,55.8192,0.0,244.992,12.6383,14.9233,3115.7801,0.2994,0.046,0.9769,10526.0,102.5963,1.0,108.0,82.0,103.0,29.0,130.0,0
image_930,185.9115,54.8474,60.0,255.0,181.3768,58.6338,52.0,255.0,188.6372,52.6651,63.0,255.0,183.5604,56.7985,55.646,255.0,10.6028,19.5925,3226.0729,0.5678,0.0396,0.9988,6433.0,80.206,1.0,117.0,125.0,113.0,9.0,188.0,0
image_929,192.2264,46.5006,93.0,255.0,187.098,51.3828,81.0,255.0,189.3547,48.3383,89.0,255.0,188.8886,49.5281,86.902,255.0,13.4795,15.0778,2453.0336,0.5864,0.0422,0.9959,592.0,24.3311,1.0,86.0,95.0,86.25,7.0,192.0,0
image_928,93.7573,50.2852,18.0,251.0,105.1456,39.0685,49.0,251.0,93.801,50.9656,17.0,253.0,100.4472,43.6305,36.083,251.228,14.398,15.2934,1903.6193,0.1844,0.0519,0.987,206.0,14.3527,1.0,99.75,73.0,97.75,29.0,105.0,0
image_925,181.3408,45.5235,78.0,255.0,165.7621,47.7888,74.0,254.0,161.3537,42.7591,72.0,246.0,169.9176,46.3778,75.082,253.159,23.0155,23.2588,2150.9023,0.4771,0.0485,0.9907,311.0,17.6352,1.0,80.0,87.0,75.0,28.0,181.0,0
image_924,191.7351,54.5396,21.0,255.0,186.7175,57.989,35.0,255.0,194.0541,52.3954,60.0,255.0,189.0542,56.2114,39.986,255.0,11.8525,20.0174,3159.7228,0.5982,0.0329,0.994,11779.0,108.5311,1.0,112.0,120.0,108.0,11.0,194.0,0
image_923,167.2047,53.9353,67.0,255.0,154.0053,60.1729,53.0,255.0,160.8252,55.8686,65.0,255.0,158.7294,57.7333,58.896,255.0,14.8422,20.1017,3333.1294,0.4387,0.0422,0.9937,938.0,30.6268,1.0,89.75,92.0,91.75,20.0,167.0,0
image_920,178.6521,39.8384,22.0,255.0,175.1425,41.1069,11.0,255.0,177.8413,35.132,27.0,255.0,176.4995,39.9256,16.113,255.0,9.0552,12.6254,1594.0566,0.5036,0.0764,0.9936,11554.0,107.4895,1.0,56.0,56.0,45.0,4.0,178.0,0
image_918,139.9817,36.3951,79.0,221.0,131.5963,35.8519,70.0,214.0,118.3807,36.7883,55.0,196.0,132.597,36.0904,70.981,214.041,15.7497,21.2676,1302.518,0.2904,0.0517,0.9979,218.0,14.7648,1.0,64.0,62.0,64.0,39.0,139.0,0
image_960,156.3155,43.2985,12.0,255.0,151.2462,44.8434,0.0,255.0,161.0161,38.7567,12.0,255.0,153.8757,43.4473,4.956,255.0,12.9434,17.0735,1887.6668,0.3932,0.0652,0.9856,15913.0,126.1467,1.0,60.0,66.0,55.0,16.0,161.0,0
image_959,144.7678,40.6211,45.0,255.0,140.6109,42.0957,33.0,255.0,150.4482,35.8971,56.0,255.0,142.9753,40.8568,39.808,255.0,11.132,14.2288,1669.2811,0.34,0.0816,0.995,11803.0,108.6416,1.0,47.0,49.0,42.0,17.0,150.0,0
image_958,198.122,32.4363,105.0,255.0,194.5014,34.4639,93.0,255.0,195.8399,32.1589,101.0,255.0,195.7366,33.5499,98.896,255.0,11.8458,14.35,1125.5953,0.6065,0.0878,0.9955,5048.0,71.0493,1.0,43.0,45.0,42.0,5.0,198.0,0
image_954,201.9309,32.8994,106.0,255.0,188.9751,35.3264,88.0,247.0,179.6851,34.8387,84.0,238.0,191.7899,34.4824,92.926,248.366,14.6603,13.6769,1189.0377,0.584,0.0711,0.9942,362.0,19.0263,1.0,40.0,42.75,42.0,28.0,201.0,0
image_953,153.5983,40.5781,11.0,255.0,137.7197,41.8196,0.0,255.0,143.4034,41.033,13.0,255.0,143.1153,40.1894,8.113,255.0,11.6027,18.5957,1615.1857,0.3398,0.1105,0.8795,6071.0,77.9166,1.0,44.0,48.0,51.0,27.0,153.0,0
image_952,179.974,41.2829,50.0,255.0,172.2086,49.3457,35.0,255.0,176.4827,46.8101,41.0,255.0,175.0177,46.1418,43.104,255.0,14.4674,17.713,2129.0644,0.5038,0.0558,0.9518,10759.0,103.7256,1.0,68.0,84.0,79.0,10.0,179.0,0
image_945,158.4082,38.7664,20.0,255.0,151.6521,42.0047,12.0,255.0,160.6012,38.7857,24.0,255.0,154.6924,40.3789,18.775,255.0,12.135,13.5477,1630.4578,0.3931,0.077,0.9731,20764.0,144.0972,1.0,46.0,53.0,48.0,14.0,160.0,0
image_944,160.8479,63.1111,40.0,255.0,157.9603,65.2794,34.0,255.0,167.8812,59.2202,48.0,255.0,159.9547,63.9086,37.39,255.0,9.6302,14.2624,4084.3058,0.4563,0.035,0.9983,3603.0,60.025,1.0,142.0,147.0,133.0,15.0,167.0,0
image_971,107.1505,61.164,19.0,247.0,111.233,54.8784,27.0,247.0,101.1254,65.7127,6.0,249.0,108.8601,57.9432,22.214,247.228,16.6163,23.4889,3357.4185,0.2339,0.0235,0.9978,279.0,16.7033,1.0,113.0,99.0,123.0,23.0,111.0,0
image_970,178.945,25.8042,123.0,255.0,175.5987,27.0824,117.0,253.0,178.8252,26.2316,119.0,253.0,176.9671,26.5715,119.022,253.598,16.0216,15.5746,706.042,0.4925,0.0976,0.9957,309.0,17.5784,1.0,41.0,44.0,43.0,4.0,178.0,0
image_999,84.0793,34.9575,13.0,255.0,71.7136,36.4974,0.0,255.0,91.8372,33.4747,17.0,255.0,77.7051,35.6369,5.825,255.0,12.4526,16.1284,1269.9917,0.1124,0.0875,0.9959,35222.0,187.6753,1.0,39.0,40.0,36.0,56.0,91.0,0
image_995,157.1918,75.9521,0.0,255.0,154.4491,78.7462,0.0,255.0,164.2757,71.48,0.0,255.0,156.3894,76.7561,2.935,255.0,12.736,18.5323,5891.4971,0.4667,0.0312,0.9894,14016.0,118.3892,1.0,141.0,146.0,126.0,16.0,164.0,0
image_993,126.4745,29.7501,35.0,255.0,114.7778,31.5231,21.0,255.0,123.2915,29.4598,25.0,255.0,119.2457,30.7085,26.685,255.0,9.089,10.9151,943.0108,0.2332,0.0873,0.9943,9759.0,98.7877,1.0,37.0,40.0,37.0,24.0,126.0,0
image_990,196.5255,19.3137,143.0,247.0,187.7961,22.7145,130.0,237.0,180.4824,23.4835,122.0,229.0,189.5724,21.5759,132.975,238.964,13.5903,12.0537,465.5214,0.5598,0.1005,0.9589,255.0,15.9687,1.0,29.0,33.0,36.0,21.0,196.0,0
image_985,199.3066,30.5333,66.0,255.0,196.3675,33.8635,32.0,255.0,197.2127,31.359,56.0,255.0,197.3426,32.5196,44.902,255.0,11.077,13.0404,1057.525,0.6152,0.0909,0.993,6327.0,79.5424,1.0,39.0,41.0,38.0,4.0,199.0,0
image_984,152.169,47.1038,0.0,255.0,152.3641,45.897,0.0,255.0,158.5385,50.4331,0.0,255.0,153.0096,46.6562,0.0,255.0,10.3838,16.6664,2176.8005,0.3935,0.0963,0.9906,8891.0,94.2921,1.0,31.5,33.0,31.0,10.0,158.0,0
image_981,204.1758,41.0268,74.0,255.0,199.1061,44.7043,67.0,255.0,198.1955,41.184,83.0,255.0,200.5181,43.0358,70.917,255.0,9.331,13.1354,1852.0813,0.6468,0.0467,0.9899,6251.0,79.0633,1.0,66.0,70.0,66.0,8.0,204.0,0
image_1025,250.6897,8.29,144.0,255.0,250.6003,8.5445,136.0,255.0,248.981,9.2999,139.0,255.0,250.4424,8.5163,139.033,255.0,2.3093,4.7513,72.5273,0.9657,0.2276,0.9905,1476.0,38.4187,1.0,6.0,6.0,9.0,2.0,250.0,0
image_1017,102.7897,34.7606,19.0,255.0,87.0091,34.8658,20.0,255.0,96.5377,33.6933,0.0,255.0,92.8138,34.4723,19.929,255.0,11.4612,17.7246,1188.3373,0.1508,0.0926,0.99,9752.0,98.7522,1.0,35.0,36.0,33.0,38.0,102.0,0
image_1013,113.9926,47.5392,10.0,255.0,99.3275,48.8379,0.0,255.0,109.4973,41.4365,8.0,255.0,104.8717,47.5178,5.498,254.772,10.9391,15.9939,2257.9382,0.2039,0.0574,0.9957,21719.0,147.3737,1.0,71.0,74.0,63.0,32.0,113.0,0
image_1007,61.9388,19.7442,37.0,141.0,58.5102,18.9657,31.0,135.0,86.7959,18.7279,64.0,163.0,62.7599,19.0531,38.208,139.986,12.6512,13.5846,363.0196,0.0662,0.1693,0.9789,98.0,9.8995,1.0,13.75,12.75,13.75,83.0,86.0,0
image_1049,142.103,38.2158,26.0,255.0,138.6287,40.7415,31.0,255.0,150.7933,38.6942,37.0,255.0,141.0543,39.7002,30.189,254.701,10.0454,13.4938,1576.1081,0.3302,0.0687,0.996,2642.0,51.4004,1.0,57.0,62.0,59.0,20.0,150.0,0
image_1044,131.8411,53.0933,26.0,255.0,118.6366,55.2186,7.0,255.0,131.401,48.3174,27.0,255.0,124.0399,53.5459,14.961,255.0,15.5872,18.3542,2867.1609,0.2807,0.0482,0.9831,18378.0,135.5655,1.0,86.0,90.0,76.0,25.0,131.0,0
image_1043,153.2557,61.9044,9.0,255.0,134.8895,61.7117,0.0,255.0,138.176,52.3074,7.0,255.0,140.7557,60.2984,5.085,255.0,12.6934,19.8417,3635.8972,0.3606,0.0481,0.9836,16718.0,129.2981,1.0,93.0,93.0,82.0,32.0,153.0,0
image_1042,129.9791,69.8188,0.0,255.0,118.6423,65.8106,0.0,255.0,126.0126,61.6149,0.0,255.0,122.8722,66.2833,2.935,254.701,15.8677,20.2896,4393.4758,0.2997,0.0418,0.9909,5082.0,71.2881,1.0,126.0,118.0,106.0,22.0,129.0,0
image_1032,79.7254,37.8741,40.0,218.0,73.6806,31.3634,37.0,215.0,98.8866,20.8693,60.0,222.0,78.3615,31.9359,41.117,216.695,8.8365,13.9623,1019.8997,0.1101,0.1068,0.9893,335.0,18.303,1.0,14.0,17.0,16.5,65.0,98.0,0
image_1065,101.6308,39.5528,4.0,255.0,88.8584,42.3848,0.0,255.0,104.3954,39.4887,8.0,255.0,94.4486,41.1598,2.108,255.0,11.9259,13.9018,1694.1269,0.1632,0.0704,0.9968,15922.0,126.1824,1.0,52.0,56.0,53.0,39.0,104.0,0
image_1053,145.5684,27.3827,74.0,255.0,139.7793,28.9264,75.0,255.0,146.4467,26.3114,70.0,250.0,142.2703,28.1241,74.131,254.43,11.2964,10.7477,790.9647,0.3234,0.1018,0.9951,929.0,30.4795,1.0,30.0,34.0,30.0,12.0,146.0,0
image_1083,179.656,57.276,20.0,255.0,152.9153,55.5623,0.0,255.0,147.0004,47.0518,4.0,255.0,160.2365,54.4536,7.989,255.0,11.6755,19.6017,2965.1991,0.4405,0.0411,0.9581,17661.0,132.8947,1.0,95.0,88.0,63.0,46.0,179.0,0
image_1082,136.0419,58.8218,12.0,255.0,124.5632,56.5962,3.0,255.0,131.0971,50.1549,0.0,255.0,128.7402,55.9674,8.227,255.0,12.6672,17.1912,3132.346,0.3031,0.0582,0.9711,18829.0,137.2188,1.0,91.0,88.0,77.0,23.0,136.0,0
image_1080,144.7646,53.6335,4.0,255.0,137.02,57.6388,0.0,255.0,147.6665,51.0734,15.0,255.0,140.5494,55.5472,2.906,255.0,10.2678,17.3422,3085.4881,0.3512,0.0555,0.993,22114.0,148.7078,1.0,77.0,88.0,83.0,17.0,147.0,0
image_1073,136.957,24.8643,76.0,183.0,138.2151,22.7775,84.0,186.0,134.8495,29.5744,61.0,179.0,137.4552,24.0647,78.986,184.305,13.2728,13.4162,579.1101,0.2995,0.114,0.9931,93.0,9.6437,1.0,31.0,30.0,32.0,7.0,138.0,0
image_1072,161.3102,83.8946,2.0,255.0,163.6476,90.3667,1.0,255.0,173.7432,82.538,12.0,255.0,164.0996,87.4248,3.123,255.0,12.1168,18.4531,7643.1018,0.5317,0.0199,0.9947,806.0,28.3901,1.0,167.0,177.0,159.0,18.0,173.0,0
image_1068,238.3067,25.6759,125.0,255.0,236.0195,30.1839,106.0,255.0,232.9248,34.7209,98.0,255.0,236.3506,29.1543,110.997,255.0,6.6255,12.9242,849.9713,0.8722,0.0948,0.9849,3684.0,60.696,1.0,20.0,24.0,33.0,6.0,238.0,0
image_1103,130.95,51.7623,0.0,255.0,119.6427,53.4181,0.0,255.0,127.8598,50.8772,0.0,255.0,123.9603,52.3366,0.299,255.0,11.5383,16.292,2739.1197,0.2784,0.0602,0.9841,25294.0,159.0409,1.0,72.0,76.0,67.0,22.0,130.0,0
image_1092,131.0909,13.3989,90.0,163.0,112.04,14.2066,67.0,144.0,117.7818,14.0496,73.0,148.0,118.3908,13.885,74.561,150.137,8.1548,7.4746,192.7935,0.2185,0.1669,0.9823,275.0,16.5831,1.0,16.5,17.0,17.5,37.0,131.0,0
image_1089,187.9292,55.3417,14.0,255.0,175.4754,63.95,0.0,255.0,178.8159,60.6567,0.0,255.0,179.5799,60.5642,4.186,255.0,8.8263,12.5197,3668.0235,0.5524,0.0419,0.9679,17913.0,133.8395,1.0,98.0,124.0,115.0,16.0,187.0,0
image_1086,158.5345,70.4385,27.0,255.0,150.1497,75.6657,18.0,255.0,156.3896,68.1223,14.0,255.0,153.3681,73.0535,24.266,255.0,9.7333,17.8938,5336.8069,0.4438,0.0357,0.9893,17827.0,133.5178,1.0,152.0,165.0,145.0,13.0,158.0,0
image_1116,218.816,31.4757,64.0,255.0,212.2082,31.8919,111.0,255.0,209.0797,30.3882,112.0,255.0,213.8273,30.9843,113.805,255.0,13.3204,16.5512,960.0261,0.7179,0.0819,0.9323,3136.0,56.0,1.0,52.0,50.0,46.0,11.0,218.0,0
image_1114,164.7215,22.464,110.0,233.0,164.82,23.1141,107.0,234.0,171.4579,21.5341,118.0,239.0,165.5473,22.7152,109.151,233.673,7.5042,7.1798,515.9795,0.4294,0.1023,0.996,1950.0,44.1588,1.0,34.0,36.0,33.0,10.0,171.0,0
image_1112,131.3449,19.4146,80.0,178.0,113.206,19.2418,61.0,158.0,118.0886,19.0497,67.0,164.0,119.1861,19.2213,68.789,164.365,9.2416,8.3009,369.4596,0.2241,0.1168,0.9893,835.0,28.8964,1.0,28.0,27.0,27.0,35.0,131.0,0
image_1110,127.2516,56.5697,5.0,255.0,110.3569,52.6685,0.0,252.0,115.6806,47.621,0.0,255.0,116.0153,53.082,2.749,253.239,17.2225,22.9151,2817.6937,0.2503,0.038,0.9909,1415.0,37.6165,1.0,98.0,85.0,74.5,34.0,127.0,0
image_1107,134.8592,56.8746,14.0,255.0,122.4893,62.7181,0.0,255.0,133.5895,58.7559,4.0,255.0,127.4533,60.3554,5.554,255.0,9.8723,14.7927,3642.7739,0.3058,0.0536,0.9916,17897.0,133.7797,1.0,79.0,81.0,76.0,23.0,134.0,0
image_1132,170.5894,43.2578,38.0,255.0,171.6103,48.0732,56.0,253.0,172.8293,51.6973,44.0,255.0,171.444,46.2326,49.25,252.131,12.8063,16.5238,2137.4517,0.4849,0.0443,0.9269,621.0,24.9199,1.0,68.0,93.0,97.0,3.0,172.0,0
image_1162,135.4169,51.6427,0.0,255.0,121.923,51.8052,0.0,255.0,129.1125,44.9283,4.0,255.0,126.7773,50.4791,1.026,255.0,14.5981,18.7849,2548.1383,0.2864,0.0596,0.9797,23397.0,152.9608,1.0,72.0,75.0,63.0,26.0,135.0,0
image_1161,147.6954,56.055,14.0,255.0,135.508,54.1493,2.0,255.0,137.4343,44.7456,22.0,255.0,139.3716,53.313,7.868,253.712,13.0125,19.4412,2842.2712,0.3424,0.0569,0.9862,5959.0,77.1946,1.0,89.0,85.0,68.0,21.0,147.0,0
image_1155,162.7146,38.2982,33.0,228.0,137.7167,32.6938,27.0,203.0,126.8936,33.2152,16.0,186.0,143.9572,34.3343,30.844,207.825,9.9645,15.8459,1178.8412,0.3368,0.0917,0.9925,1419.0,37.6696,1.0,40.0,33.0,34.0,57.0,162.0,0
image_1152,125.5424,50.6185,0.0,255.0,111.3516,49.0546,0.0,255.0,118.6226,42.2565,0.0,255.0,116.4235,48.4011,1.196,255.0,10.5501,15.4224,2342.6627,0.2445,0.0635,0.9832,22950.0,151.4926,1.0,64.0,66.0,60.0,29.0,125.0,0
image_1148,106.5377,58.567,0.0,255.0,90.3663,61.565,0.0,253.0,98.7111,60.2099,0.0,255.0,96.1529,60.1441,0.0,251.832,13.7457,17.875,3617.3116,0.1978,0.0502,0.9776,8504.0,92.2171,1.0,79.0,83.0,87.0,38.0,106.0,0
image_1187,115.2993,62.7801,8.0,255.0,107.0883,68.5497,0.0,255.0,121.9749,64.4618,2.0,255.0,111.2405,65.8349,5.341,255.0,13.6791,19.2771,4334.2333,0.257,0.0387,0.9801,17285.0,131.4724,1.0,110.0,123.0,118.0,30.0,121.0,0
image_1175,149.4389,57.5823,18.0,255.0,142.0195,61.1958,10.0,255.0,150.4633,57.0377,4.0,255.0,145.2005,59.5354,13.794,255.0,14.1579,19.1436,3544.4694,0.3787,0.0558,0.9952,8038.0,89.6549,1.0,79.0,85.0,77.0,14.0,150.0,0
image_1200,201.3132,45.3889,111.0,255.0,196.2734,49.2367,99.0,255.0,197.6705,47.7976,106.0,255.0,197.9396,47.8511,104.283,255.0,10.5672,13.1034,2289.7236,0.6378,0.044,0.9939,1408.0,37.5233,1.0,93.0,102.0,100.0,6.0,201.0,0
image_1190,130.9754,66.5221,3.0,255.0,120.9565,73.7666,0.0,255.0,133.0374,68.427,0.0,255.0,125.3294,70.8826,2.25,255.0,12.4306,18.619,5024.3389,0.3188,0.0427,0.9952,29749.0,172.479,1.0,105.0,122.0,115.0,25.0,133.0,0
image_1221,136.4029,50.5176,30.0,255.0,132.5412,45.0039,30.0,255.0,150.3058,33.2422,52.0,255.0,135.721,44.6563,36.777,255.0,14.6463,18.1256,1994.1816,0.3139,0.0598,0.9706,8212.0,90.6201,1.0,74.0,65.0,45.0,31.0,150.0,0
image_1220,64.8704,50.5513,0.0,252.0,55.1267,44.9891,0.0,247.0,54.9184,39.8355,0.0,251.0,58.0163,45.5927,0.0,248.951,12.6976,15.7445,2078.6956,0.0837,0.0622,0.9715,1397.0,37.3765,1.0,77.0,65.0,59.0,40.0,64.0,0
image_1214,155.645,39.8193,16.0,255.0,147.4437,42.9071,0.0,255.0,153.1332,39.4341,10.0,255.0,150.5445,41.5421,7.847,254.701,9.8585,12.9446,1725.7486,0.3751,0.0857,0.996,14128.0,118.8613,1.0,44.0,45.0,41.0,13.0,155.0,0
image_1211,91.8114,46.343,0.0,255.0,80.2615,49.7515,0.0,255.0,86.1188,51.1118,0.0,255.0,84.3827,48.5573,0.587,255.0,11.9717,15.7308,2357.8158,0.1458,0.0595,0.9755,6474.0,80.4612,1.0,64.0,63.0,64.0,31.0,91.0,0
image_1209,130.3444,50.9858,0.0,255.0,119.8639,50.6927,0.0,255.0,129.8039,48.3378,0.0,255.0,124.1307,50.0978,2.183,255.0,13.4531,18.9375,2509.7858,0.2756,0.0588,0.9771,13817.0,117.5457,1.0,69.0,70.0,57.0,22.0,130.0,0
image_1208,135.3338,57.2837,7.0,255.0,125.6577,62.9358,0.0,255.0,136.8337,56.7806,7.0,255.0,129.8249,60.3728,2.891,255.0,14.3359,18.3683,3644.8716,0.3153,0.0486,0.9906,34059.0,184.5508,1.0,89.0,96.0,83.0,21.0,136.0,0
image_1236,126.041,48.0923,11.0,255.0,115.0696,49.8854,9.0,255.0,125.1412,45.8026,0.0,255.0,119.4982,48.6756,8.572,255.0,14.1538,18.3415,2369.3144,0.256,0.0677,0.9908,16088.0,126.8385,1.0,64.0,64.0,55.0,22.0,126.0,0
image_1234,98.8716,53.2558,23.0,254.0,87.7258,56.2814,11.0,250.0,99.1447,50.6736,31.0,255.0,92.3601,54.7084,16.868,251.179,17.044,28.7724,2993.007,0.1772,0.0481,0.9984,919.0,30.315,1.0,41.0,41.5,41.0,31.0,99.0,0
image_1232,159.7249,30.0722,69.0,255.0,152.4655,31.9639,64.0,255.0,160.86,29.857,70.0,255.0,155.5931,31.0728,66.179,255.0,11.7805,13.915,965.5168,0.3872,0.1052,0.9919,6543.0,80.8888,1.0,34.0,34.0,32.0,13.0,160.0,0
image_1227,158.9948,50.1477,4.0,255.0,147.9583,54.2638,0.0,255.0,155.9835,49.5367,6.0,255.0,152.1731,52.2238,2.222,255.0,13.6821,19.4193,2727.3231,0.3981,0.0579,0.9832,20507.0,143.2027,1.0,73.0,81.0,74.0,18.0,158.0,0
image_1226,170.2715,52.1923,3.0,255.0,158.4324,56.353,0.0,255.0,162.4884,52.5822,5.0,255.0,162.4346,54.2877,1.467,255.0,13.1996,20.2281,2947.157,0.4511,0.0547,0.98,8921.0,94.451,1.0,84.0,80.0,69.0,18.0,170.0,0
image_1224,132.0814,59.6073,2.0,255.0,122.3752,58.5498,20.0,255.0,121.9147,62.332,1.0,255.0,125.2249,59.1052,18.909,255.0,14.1222,20.1894,3493.429,0.2949,0.0474,0.9944,2604.0,51.0294,1.0,97.25,94.0,105.25,21.0,132.0,0
image_1298,207.1337,29.4302,118.0,250.0,211.0963,32.8552,118.0,255.0,209.1444,32.1503,120.0,254.0,209.6889,31.6866,118.228,253.391,15.045,14.8937,1004.0401,0.6916,0.0702,0.9914,187.0,13.6748,1.0,46.0,48.0,48.5,5.0,211.0,0
image_1334,160.5441,33.4081,70.0,255.0,160.8522,32.8778,67.0,255.0,169.6353,30.7565,78.0,255.0,161.7614,32.5335,70.291,254.413,18.2481,20.1027,1058.4302,0.4187,0.0878,0.9847,1678.0,40.9634,1.0,43.0,45.75,42.0,14.0,169.0,0
image_1267,156.5594,49.698,10.0,255.0,144.8288,50.4727,3.0,255.0,139.8878,50.3991,1.0,255.0,147.773,49.8194,5.891,255.0,11.926,14.7969,2481.9747,0.374,0.0532,0.9808,15104.0,122.8983,1.0,75.0,72.0,75.0,28.0,156.0,0
image_1263,152.2666,44.0461,82.0,254.0,150.8467,47.4713,74.0,255.0,161.8049,42.6729,97.0,255.0,152.5205,45.8646,79.014,254.701,8.6228,12.5758,2103.5628,0.3901,0.0778,0.997,574.0,23.9583,1.0,40.0,43.75,40.75,17.0,161.0,0
image_1262,111.3606,38.9061,0.0,255.0,106.089,32.9718,4.0,255.0,110.4565,45.5546,0.0,255.0,108.1631,34.7168,2.348,255.0,13.2506,15.9717,1205.2541,0.1985,0.099,0.878,15348.0,123.887,1.0,43.0,35.0,44.0,11.0,111.0,0
image_1259,116.5754,29.9824,51.0,255.0,107.169,30.6688,38.0,252.0,119.7644,28.5384,52.0,255.0,111.4174,30.1633,44.808,253.239,15.0412,14.513,909.8232,0.2049,0.0904,0.9964,3603.0,60.025,1.0,39.0,40.0,36.0,26.0,119.0,0
image_9,176.0167,51.7295,46.0,255.0,180.1615,52.1196,52.0,255.0,184.1125,50.938,68.0,255.0,179.3726,51.6736,52.03,255.0,9.9222,14.8281,2670.1646,0.5359,0.0474,0.9876,5225.0,72.2842,1.0,87.0,93.0,95.0,11.0,184.0,0
image_8,130.2862,23.455,69.0,187.0,128.3448,22.4054,64.0,183.0,128.5791,19.7846,70.0,178.0,128.952,22.3487,66.179,183.099,12.5057,12.2251,499.463,0.2634,0.1174,0.9941,1195.0,34.5688,1.0,30.0,29.0,27.0,4.0,130.0,0
image_2,164.5064,47.4939,0.0,255.0,163.4768,48.0384,2.0,255.0,162.4118,47.4144,6.0,255.0,163.6632,47.578,2.428,255.0,12.9245,17.8772,2263.6688,0.4467,0.0624,0.9884,26717.0,163.4534,1.0,70.0,73.0,75.0,3.0,164.0,0
image_1315,230.9328,23.4349,100.0,255.0,227.6935,25.4375,90.0,255.0,222.7457,24.7533,91.0,255.0,228.098,24.685,94.244,255.0,8.614,11.8207,609.3477,0.8095,0.1161,0.9894,4388.0,66.242,1.0,24.0,26.0,26.0,9.0,230.0,0
